"Площадь, м^2",Этаж квартиры,Кол-во этажей в доме,"Расстояние до центра, км",Чистовая отделка,Проверено в Росреестре,От зайстройщика,Есть Балкон,Есть Лоджия,Metro_Аметьево,Metro_Горки,Metro_Дубравная,Metro_Козья слобода,Metro_Кремлёвская,Metro_Площадь Тукая,Metro_Проспект Победы,Metro_Северный вокзал,Metro_Суконная слобода,Metro_Яшьлек,Цена_log
67.9,5,20,5.468375480066169,0,0,0,0,0,0,1,0,0,0,0,0,0,0,0,16.300417291085605
82.1,5,19,17.103906800346,0,1,0,0,0,0,0,0,0,0,0,0,1,0,0,15.918424577929366
44.0,5,16,7.615419086629512,0,1,0,0,0,0,0,0,0,0,0,1,0,0,0,16.066802461833923
34.4,10,10,9.471104632672644,0,1,0,0,0,0,0,1,0,0,0,0,0,0,0,15.931766193248746
75.7,18,19,14.046392694323757,0,0,0,0,0,0,0,1,0,0,0,0,0,0,0,16.550527272189225
75.4,8,10,14.738298160449242,0,0,1,0,0,0,0,0,0,0,0,0,0,0,0,16.121091259639012
80.6,3,4,15.399213490147805,1,0,1,1,0,0,0,1,0,0,0,0,0,0,0,16.40924179159191
51.3,9,10,6.272487468989085,0,0,0,0,0,0,0,0,0,0,0,0,1,0,0,16.131998654746635
16.0,2,5,2.4284633056442253,0,1,0,0,0,0,0,0,0,0,1,0,0,0,0,14.962595817644242
50.0,4,10,4.209989351009695,0,1,0,0,0,0,0,0,1,0,0,0,0,0,0,16.11709525072483
29.0,1,9,1.9469765764156055,0,0,0,0,0,0,0,0,0,0,0,0,0,1,0,15.46416937585933
47.5,5,5,3.894971570839775,0,1,0,0,0,0,0,0,1,0,0,0,0,0,0,15.967272877502799
35.3,3,3,16.456519510436042,0,1,0,0,0,0,0,1,0,0,0,0,0,0,0,15.35237799261728
64.0,6,16,7.38886633341968,0,1,0,0,0,0,1,0,0,0,0,0,0,0,0,16.26219608151216
92.2,1,4,15.63998635804528,0,0,1,0,0,0,0,1,0,0,0,0,0,0,0,16.408449226765168
51.0,8,9,1.4399993724370752,0,1,0,0,0,0,0,0,0,0,1,0,0,0,0,16.097893045681612
33.8,5,10,2.7938446635325165,0,1,0,0,0,0,0,0,0,0,1,0,0,0,0,16.16593307570136
70.2,7,19,14.046392694323757,0,0,0,0,0,0,0,1,0,0,0,0,0,0,0,16.48551276068103
44.4,4,5,5.0078039145266855,0,1,0,0,0,0,0,0,0,0,0,0,0,0,1,15.64006001130563
34.5,6,10,8.838197999385368,0,1,0,0,0,0,1,0,0,0,0,0,0,0,0,16.007164201982874
83.0,2,19,8.360572641936784,0,0,0,0,0,0,0,1,0,0,0,0,0,0,0,16.61887099947687
71.5,5,6,1.3571349313880376,0,1,0,0,0,0,0,0,0,0,1,0,0,0,0,16.677711496036597
42.0,6,10,9.08739388153475,0,1,0,0,0,0,0,1,0,0,0,0,0,0,0,16.257857680289998
143.2,1,3,23.29242950309057,0,1,0,0,0,0,0,0,0,0,0,0,0,0,1,16.993564429978885
83.5,8,8,2.996661116964259,0,0,0,0,0,0,0,0,0,0,0,0,0,1,0,16.204273438942487
87.9,2,20,3.6817125452285473,0,0,1,0,0,0,0,0,0,0,0,0,0,1,0,17.19509611071154
55.6,16,18,5.974955438329737,0,0,0,0,0,0,1,0,0,0,0,0,0,0,0,16.43141264798261
95.9,2,20,6.222253603675545,0,0,1,0,0,1,0,0,0,0,0,0,0,0,0,16.63450571268408
32.0,3,19,6.355571933475567,0,1,0,0,0,0,1,0,0,0,0,0,0,0,0,15.90737474309945
94.9,3,9,2.224505651584343,0,0,0,0,0,0,0,0,0,0,0,0,0,1,0,17.110977022044946
42.6,4,4,15.013714774489117,1,0,1,1,0,0,0,1,0,0,0,0,0,0,0,16.11493074793216
73.4,3,9,6.348495833158853,0,0,0,1,0,1,0,0,0,0,0,0,0,0,0,16.735980400926074
13.0,5,5,10.443070957898074,0,0,0,0,0,0,0,0,0,0,0,0,0,0,0,14.580978865220017
36.4,10,10,6.386955944220803,0,1,0,0,0,0,1,0,0,0,0,0,0,0,0,16.213405921671733
67.9,8,24,6.659001800528684,0,1,0,0,0,0,1,0,0,0,0,0,0,0,0,16.54981319514983
72.7,10,25,2.8256869013794623,0,0,0,0,0,0,0,0,1,0,0,0,0,0,0,17.53797712182221
59.3,9,10,8.23074749164771,0,1,0,0,0,0,0,0,0,0,0,1,0,0,0,16.257857680289998
84.5,20,25,5.209385966325656,0,0,0,0,0,1,0,0,0,0,0,0,0,0,0,16.782586173722024
49.0,1,17,7.0290728779014415,0,0,0,0,0,0,1,0,0,0,0,0,0,0,0,16.112117115074522
41.7,4,5,3.916945825255372,0,1,0,0,0,0,0,0,0,0,0,0,0,0,1,15.76142084987672
60.3,6,9,14.757246284002548,0,0,1,0,0,0,0,0,0,0,0,0,0,0,0,15.974225396012052
106.9,4,6,0.6159490176348997,0,0,0,0,0,0,0,0,0,1,0,0,0,0,0,17.665658180950928
29.1,9,9,6.446858236325994,0,0,0,0,0,1,0,0,0,0,0,0,0,0,0,16.231424425551033
86.2,3,8,3.9187150983231582,0,0,1,0,0,0,0,0,1,0,0,0,0,0,0,16.835935492889124
36.8,5,12,7.284833678676013,0,0,0,0,0,0,0,0,0,0,0,0,0,0,0,15.850216336521664
42.3,9,12,7.42867507181366,0,0,0,0,0,0,0,0,0,0,0,0,0,0,0,15.955576839107596
83.0,4,7,10.101021870804692,0,1,0,0,0,0,0,0,0,0,0,0,0,0,1,16.94664751219259
82.0,8,24,3.0135539205524164,0,1,0,0,0,0,0,0,1,0,0,0,0,0,0,17.452833551486524
74.6,4,6,9.937242765736226,0,0,0,0,0,0,0,0,0,0,0,0,0,0,1,16.312839810055355
35.2,6,12,6.750511189007503,0,1,0,0,0,0,0,0,0,0,0,1,0,0,0,15.843658936835498
43.3,7,10,9.528097991620715,0,0,0,0,0,0,0,1,0,0,0,0,0,0,0,15.978833698567334
57.3,8,19,5.855151979077724,0,0,0,0,0,0,1,0,0,0,0,0,0,0,0,16.325109901643454
53.8,2,3,3.9186490969017744,0,1,0,0,0,0,0,0,1,0,0,0,0,0,0,15.511126350125648
92.0,1,4,15.433416622116498,0,0,1,0,0,0,0,1,0,0,0,0,0,0,0,16.405951533304286
77.3,7,23,6.220011736722559,0,0,1,0,0,0,1,0,0,0,0,0,0,0,0,16.79632465683756
43.1,3,4,4.417338279835445,0,1,0,0,0,1,0,0,0,0,0,0,0,0,0,15.82372472458392
120.6,1,4,15.256848078655702,0,0,1,0,0,0,0,1,0,0,0,0,0,0,0,16.676968362881134
55.8,14,16,5.975310651464942,0,1,0,0,0,0,1,0,0,0,0,0,0,0,0,16.333207111220425
42.0,14,18,5.974955438329737,0,0,0,0,0,0,1,0,0,0,0,0,0,0,0,16.15131289855136
56.9,3,18,4.781949741398884,0,0,0,0,0,1,0,0,0,0,0,0,0,0,0,16.37118635628023
86.4,1,6,3.944464902690092,0,0,0,0,0,0,0,0,1,0,0,0,0,0,0,16.921441668599144
54.2,10,10,6.272487468989085,0,0,0,0,0,0,0,0,0,0,0,0,1,0,0,16.14376349517278
33.1,3,5,1.646772764661416,0,1,0,0,0,0,0,0,0,0,1,0,0,0,0,15.856731016694035
54.9,12,20,3.6817125452285473,0,0,1,0,0,0,0,0,0,0,0,0,0,1,0,16.799311991250416
56.2,18,20,2.9041799626762765,0,0,0,0,0,0,0,0,1,0,0,0,0,0,0,16.55344319825233
22.1,4,13,7.867883218889441,0,0,1,1,0,0,0,0,0,0,0,0,0,0,0,15.72287587968973
18.2,2,5,5.295408230946589,0,0,0,0,0,1,0,0,0,0,0,0,0,0,0,15.053885078862573
18.8,2,4,2.9903457767125663,0,1,0,0,0,0,0,0,0,0,0,0,0,1,0,15.250357197818243
40.0,8,10,5.035101589447135,0,1,0,0,0,0,1,0,0,0,0,0,0,0,0,16.185754392890075
61.2,7,10,6.348495833158853,0,0,1,0,0,1,0,0,0,0,0,0,0,0,0,16.489659276356317
34.9,2,5,6.330750696718946,0,1,0,0,0,0,1,0,0,0,0,0,0,0,0,15.654471787659123
47.3,2,5,3.631439933564181,0,0,0,0,0,1,0,0,0,0,0,0,0,0,0,15.966109410374866
33.0,3,3,20.36609409465831,0,1,0,0,0,0,0,1,0,0,0,0,0,0,0,15.501724494419891
81.7,7,9,14.757246284002548,0,0,1,0,0,0,0,0,0,0,0,0,0,0,0,16.21431459952538
107.3,1,6,3.944464902690092,0,0,0,0,0,0,0,0,1,0,0,0,0,0,0,17.33360172075392
93.8,2,4,15.63998635804528,0,0,1,1,0,0,0,1,0,0,0,0,0,0,0,16.43924617881313
88.0,14,25,2.441486522593032,0,1,0,0,0,0,0,0,1,0,0,0,0,0,0,17.069753565279804
38.1,2,17,5.957155492665508,0,0,1,0,1,0,1,0,0,0,0,0,0,0,0,16.168867279301796
117.7,5,5,1.8354266952135043,0,0,0,0,0,0,0,0,0,0,0,0,0,1,0,17.21336907180573
36.4,3,18,8.178323314863306,0,0,0,0,0,1,0,0,0,0,0,0,0,0,0,15.76142084987672
34.1,3,3,20.844276707151025,0,0,0,0,0,0,0,1,0,0,0,0,0,0,0,15.555608419371678
35.8,5,9,8.240831108080194,0,0,0,0,0,0,0,0,0,0,0,1,0,0,0,15.918424577929366
99.9,2,25,5.060671754914666,0,0,0,0,0,1,0,0,0,0,0,0,0,0,0,16.815229922496766
17.6,4,9,7.285635081241549,0,1,0,0,0,0,0,0,0,0,0,1,0,0,0,15.11023799953124
95.1,8,10,6.348495833158853,0,0,1,0,0,1,0,0,0,0,0,0,0,0,0,16.785925074816024
23.5,5,19,13.455319783660272,0,1,0,0,0,0,0,1,0,0,0,0,0,0,0,15.444751293772967
71.5,7,21,3.7990357658649145,0,0,0,0,0,0,0,0,1,0,0,0,0,0,0,16.71927561278788
60.8,7,10,14.738298160449242,0,0,1,0,0,0,0,0,0,0,0,0,0,0,0,15.974225396012052
129.6,11,19,2.986576307858316,0,0,1,0,1,0,0,0,0,0,1,0,0,0,0,17.96192516948837
31.0,3,5,14.619580632936216,0,1,0,0,0,0,0,0,0,0,0,0,0,0,1,15.339390799901627
89.5,4,5,13.033058089841902,0,0,0,0,0,0,0,1,0,0,0,0,0,0,0,16.541400742682697
52.0,9,19,14.292141067646844,0,1,0,0,0,0,0,0,0,0,0,0,1,0,0,15.990148750276969
40.0,5,5,8.043917631642207,0,1,0,0,0,0,0,1,0,0,0,0,0,0,0,16.00043771997602
54.0,4,8,7.5044900677521245,0,1,0,0,0,0,1,0,0,0,0,0,0,0,0,16.3586861944926
59.5,7,18,6.059269084560594,0,0,0,0,0,0,1,0,0,0,0,0,0,0,0,16.436520363474
52.3,3,10,5.494749766727294,0,1,0,0,0,0,0,0,0,0,0,0,0,0,1,15.931766193248746
48.6,10,20,2.7751459693028773,0,1,0,0,0,0,0,0,1,0,0,0,0,0,0,16.915602891887552
37.4,9,10,7.297000696796782,0,1,0,0,0,0,1,0,0,0,0,0,0,0,0,15.827743483640491
66.0,5,10,8.5696648437703,0,1,0,0,0,0,1,0,0,0,0,0,0,0,0,16.447399470043365
50.9,23,25,12.925310539717035,0,0,0,0,0,0,0,1,0,0,0,0,0,0,0,16.031666031987402
97.0,4,14,3.732491671359808,0,0,0,0,0,1,0,0,0,0,0,0,0,0,0,16.944906915338922
67.1,4,8,1.211439396607261,0,0,0,0,0,0,0,0,0,0,1,0,0,0,0,16.904495486979446
54.8,4,5,13.06546463822456,0,0,0,0,0,0,0,1,0,0,0,0,0,0,0,16.142788361109663
90.1,17,25,4.554093691237849,0,1,0,0,0,1,0,0,0,0,0,0,0,0,0,16.75467253293992
47.0,11,15,7.155395444375913,0,0,0,0,0,0,1,0,0,0,0,0,0,0,0,15.843658936835498
22.0,1,9,3.4386917831587285,0,0,0,0,0,0,0,0,1,0,0,0,0,0,0,15.253685778321676
37.8,5,10,3.912681697761973,0,0,0,0,0,0,0,0,1,0,0,0,0,0,0,15.978833698567334
93.2,5,9,8.46551757487482,0,1,0,0,0,0,0,0,0,0,0,1,0,0,0,16.630919337267223
18.0,5,9,5.13675849223249,0,0,0,0,0,0,0,0,1,0,0,0,0,0,0,15.250595321348806
23.0,3,5,7.979195988435036,0,1,0,0,0,0,0,0,0,0,0,0,0,0,0,15.150511887854474
43.0,3,6,8.530701394784979,0,0,0,0,0,0,0,1,0,0,0,0,0,0,0,16.286284560694636
81.7,6,17,2.390610511152834,0,1,0,0,0,0,0,0,0,0,0,0,0,1,0,17.077445910607096
15.0,4,5,2.7723956392202824,0,0,0,0,0,0,0,0,0,0,0,0,0,1,0,15.145234832146
55.1,8,11,7.761243514016058,0,0,0,0,0,0,0,0,0,0,0,0,0,0,0,16.475480263023048
34.0,4,14,10.00885088389832,0,1,0,0,0,0,0,0,0,0,0,0,0,0,0,15.598901945589025
60.0,14,16,7.109011483290447,0,0,0,0,0,0,1,0,0,0,0,0,0,0,0,16.380459992348886
32.0,6,9,1.5327810834727686,0,1,0,0,0,0,0,0,0,0,1,0,0,0,0,15.931645704077024
78.2,10,14,7.655709672251283,0,1,0,0,0,0,0,0,0,0,0,1,0,0,0,16.36495580701484
24.5,6,18,13.086067788918587,0,0,1,0,0,0,0,1,0,0,0,0,0,0,0,15.691148599291397
84.5,4,4,15.099912533218196,1,0,1,1,0,0,0,1,0,0,0,0,0,0,0,16.45649467299289
34.5,6,10,8.838197999385368,0,1,0,0,0,0,1,0,0,0,0,0,0,0,0,16.007164201982874
85.4,2,5,0.6146667595740092,0,0,0,0,0,0,0,0,0,1,0,0,0,0,0,16.705882371415992
138.3,4,6,0.5169874798788404,0,0,0,0,0,0,0,0,0,0,1,0,0,0,0,18.603002309079653
53.1,5,25,3.894231369372236,0,0,1,0,0,1,0,0,0,0,0,0,0,0,0,16.38818194672682
55.0,2,3,19.87692721984578,0,1,0,0,0,0,0,1,0,0,0,0,0,0,0,15.919644834185693
20.0,7,9,5.13675849223249,0,1,0,0,0,0,0,0,1,0,0,0,0,0,0,15.123843647884687
64.2,3,16,4.232467870603791,0,1,0,0,0,0,0,0,1,0,0,0,0,0,0,16.54336345172214
37.0,19,23,8.729397963581548,0,1,0,0,0,0,0,1,0,0,0,0,0,0,0,15.83970375751402
65.2,3,4,21.63464363213693,0,0,0,0,0,0,0,0,0,0,0,0,1,0,0,16.04877826253573
55.7,6,8,1.5954474900928997,0,1,0,0,0,0,0,0,0,0,0,0,0,1,0,17.034386422832473
18.0,4,5,3.829615208368403,0,0,0,0,0,1,0,0,0,0,0,0,0,0,0,15.226497775576945
18.0,5,9,7.083847302947686,0,0,0,0,0,0,0,0,0,0,0,1,0,0,0,15.271797524004405
38.0,7,10,5.7326282218822495,0,1,0,0,0,1,0,0,0,0,0,0,0,0,0,16.077273656438063
94.9,4,24,5.856430937686289,0,0,1,1,0,0,1,0,0,0,0,0,0,0,0,16.8872896122531
44.0,5,9,5.518610158165195,0,0,0,0,0,0,0,0,0,0,0,0,0,1,0,16.108045416114916
17.3,1,5,5.295408230946589,0,0,0,0,0,1,0,0,0,0,0,0,0,0,0,15.123843647884687
46.0,1,5,7.288135530646762,0,0,0,0,0,0,0,0,1,0,0,0,0,0,0,15.518438995635059
59.3,4,5,6.616767131879199,0,1,0,0,0,0,1,0,0,0,0,0,0,0,0,16.02378508137718
73.2,11,18,4.794220254394709,0,0,1,0,1,0,0,0,1,0,0,0,0,0,0,16.827116229887153
20.4,3,3,20.061635042594915,0,0,0,0,0,0,0,1,0,0,0,0,0,0,0,15.250595321348806
33.7,3,10,7.497982514381213,0,0,1,0,0,0,1,0,0,0,0,0,0,0,0,16.092777945538128
59.7,15,25,6.093762621804344,0,0,0,0,0,0,1,0,0,0,0,0,0,0,0,16.554101667880214
108.1,10,11,7.155727357802654,0,1,0,0,0,0,0,0,0,0,0,1,0,0,0,16.64872390202049
40.2,12,20,2.820056673945602,0,0,1,0,1,0,0,0,0,0,1,0,0,0,0,16.513911285617855
17.0,7,9,7.173487234727367,0,0,0,0,0,0,0,0,0,0,0,1,0,0,0,15.11023799953124
34.7,25,25,5.991738143085215,0,0,0,0,0,0,0,0,0,0,0,0,1,0,0,16.127055491437815
48.0,3,4,0.9199617606376864,0,0,0,0,0,0,0,0,0,1,0,0,0,0,0,16.61887099947687
33.4,20,21,5.447842308197633,0,0,0,0,0,1,0,0,0,0,0,0,0,0,0,16.020482932344898
66.8,10,24,5.10251868886728,0,1,0,0,0,0,1,0,0,0,0,0,0,0,0,16.60667572712668
50.0,20,24,6.291717494785359,0,1,0,0,0,0,1,0,0,0,0,0,0,0,0,16.502677616223576
15.3,1,10,3.913393931032165,0,0,0,0,0,0,0,0,1,0,0,0,0,0,0,15.319588176962746
53.9,7,24,3.4520812234439653,0,0,0,0,0,0,0,0,0,0,0,0,0,1,0,16.37456101259733
80.0,2,18,6.57003484239616,0,1,0,0,0,0,1,0,0,0,0,0,0,0,0,16.60606204196558
129.1,2,5,24.0619834545899,0,0,1,0,0,0,0,0,0,0,0,0,0,0,1,17.147454355585484
103.9,5,19,3.008401749189452,0,0,0,0,0,0,0,0,0,0,1,0,0,0,0,17.28196257928991
42.0,9,9,7.339427768514833,0,1,0,0,0,0,0,0,0,0,0,0,1,0,0,15.789591722875162
56.7,2,8,1.211439396607261,0,0,0,0,0,0,0,0,0,0,1,0,0,0,0,16.80684472400687
45.2,5,5,15.936379508138527,0,1,0,0,0,0,0,1,0,0,0,0,0,0,0,15.573196219302087
45.0,5,5,5.955208081481866,0,0,0,0,0,0,1,0,0,0,0,0,0,0,0,15.710127563007966
74.0,9,21,3.0516663116278826,0,0,0,0,0,0,0,0,1,0,0,0,0,0,0,16.58182973008354
39.0,2,5,10.645528325686866,0,0,0,0,0,0,0,0,0,0,0,0,0,0,0,15.49260730578806
29.4,4,5,2.95780108910304,0,0,0,0,0,0,0,0,1,0,0,0,0,0,0,15.687312888712007
45.9,1,5,2.153716113835459,0,0,0,0,0,0,0,0,0,0,1,0,0,0,0,15.789591722875162
60.7,4,26,6.341970225569868,0,0,1,0,0,0,1,0,0,0,0,0,0,0,0,16.530205368010318
72.5,9,10,5.32959530599765,0,1,0,0,0,0,0,0,1,0,0,0,0,0,0,16.489659276356317
119.5,4,9,2.246995008931259,0,1,0,0,0,0,0,0,0,0,0,0,0,1,0,17.50439003707821
36.3,5,19,13.589928073571812,0,1,0,0,0,0,0,1,0,0,0,0,0,0,0,15.648092181712572
77.2,12,22,8.210833713963046,0,0,0,0,0,0,0,1,0,0,0,0,0,0,0,16.755412999428483
40.6,24,26,6.341970225569868,0,0,1,0,0,0,1,0,0,0,0,0,0,0,0,16.30788930530396
19.0,1,9,6.950420208698083,0,0,0,0,0,0,1,0,0,0,0,0,0,0,0,15.068273812173887
95.9,11,20,6.222253603675545,0,0,1,0,0,1,0,0,0,0,0,0,0,0,0,16.652247158644453
31.9,7,24,6.204221523213351,0,0,1,0,0,0,1,0,0,0,0,0,0,0,0,15.984422191099869
79.7,6,23,6.220011736722559,0,0,1,0,0,0,1,0,0,0,0,0,0,0,0,16.79541325220406
42.5,13,15,4.768856925963652,0,1,0,0,0,1,0,0,0,0,0,0,0,0,0,16.171636512673075
65.5,8,9,3.70492204265572,0,1,0,0,0,0,0,0,1,0,0,0,0,0,0,16.231424425551033
51.0,1,10,6.348495833158853,0,0,1,0,1,1,0,0,0,0,0,0,0,0,0,16.29204904211537
37.0,1,4,15.254885517861572,0,0,0,0,0,0,0,1,0,0,0,0,0,0,0,15.72505321099685
62.2,8,16,8.298836482849593,0,1,0,0,0,0,0,1,0,0,0,0,0,0,0,16.5659815388482
33.0,1,9,4.865853725440203,0,0,0,0,0,0,0,0,1,0,0,0,0,0,0,15.72505321099685
40.0,13,23,5.975895980960924,0,1,0,0,0,0,1,0,0,0,0,0,0,0,0,16.30788930530396
58.3,8,18,6.059269084560594,0,0,0,0,0,0,1,0,0,0,0,0,0,0,0,16.433579230084657
31.7,8,20,6.104600615518209,0,0,1,0,0,0,0,0,0,0,0,0,1,0,0,16.03580040823149
59.5,4,25,3.894231369372236,0,0,1,0,0,1,0,0,0,0,0,0,0,0,0,16.462682517591304
19.0,3,5,3.323427536264124,0,1,0,0,0,0,0,0,0,0,0,0,0,1,0,15.454507466814658
76.4,17,22,5.957155492665508,0,0,1,0,1,0,1,0,0,0,0,0,0,0,0,16.619479299236655
82.0,4,7,24.0619834545899,0,0,1,1,0,0,0,0,0,0,0,0,0,0,1,16.692673124016707
58.8,6,9,3.1162443561410145,0,0,0,0,0,0,0,0,0,0,0,0,0,1,0,16.53205795542302
84.0,16,18,16.94855003088424,0,1,0,0,0,0,0,0,0,0,0,0,0,0,0,15.89495209964411
75.3,4,4,1.5737866373768916,0,0,1,0,0,0,0,0,0,0,1,0,0,0,0,16.8264733559968
38.3,17,19,13.34441351173623,0,1,0,0,0,0,0,1,0,0,0,0,0,0,0,15.830413711839864
90.9,3,26,6.341970225569868,0,0,1,0,0,0,1,0,0,0,0,0,0,0,0,16.83104550783405
56.9,4,5,13.020379482682998,0,0,0,0,0,0,0,1,0,0,0,0,0,0,0,16.21884564447437
97.5,6,9,9.098305129678645,0,1,0,0,0,0,0,0,0,0,0,0,0,0,0,16.810742756501593
35.7,2,19,12.83305147244371,0,1,0,0,0,0,0,1,0,0,0,0,0,0,0,15.663965528349177
97.0,4,4,15.013714774489117,1,0,1,1,0,0,0,1,0,0,0,0,0,0,0,16.59445410794615
66.0,3,9,5.87036992666363,0,0,0,0,0,0,0,0,1,0,0,0,0,0,0,16.11809065094582
37.1,4,10,6.386955944220803,0,1,0,0,0,0,1,0,0,0,0,0,0,0,0,16.108045416114916
55.0,9,9,5.757155638284841,0,0,0,0,0,0,0,0,1,0,0,0,0,0,0,15.973069994514992
42.7,5,18,13.086067788918587,0,0,1,0,0,0,0,1,0,0,0,0,0,0,0,15.947964883611768
39.0,3,10,8.982512308615284,0,1,0,0,0,0,0,1,0,0,0,0,0,0,0,16.044449218432643
95.7,8,24,5.856430937686289,0,0,1,1,0,0,1,0,0,0,0,0,0,0,0,16.98029351012209
60.1,8,25,3.885114415829032,0,0,1,0,0,1,0,0,0,0,0,0,0,0,0,16.512537289939694
80.0,7,18,16.718343233070012,0,1,0,0,0,0,0,0,0,0,0,0,0,0,0,16.176364653421913
46.5,21,25,4.691796957167954,0,1,0,0,0,1,0,0,0,0,0,0,0,0,0,16.10298211467111
61.7,8,21,0.689093023803458,0,0,0,0,0,0,0,0,0,1,0,0,0,0,0,16.906553056777135
61.2,6,18,16.64333179702786,0,1,0,0,0,0,0,0,0,0,0,0,0,0,0,15.894952224644102
70.9,8,18,8.178323314863306,0,0,1,0,1,1,0,0,0,0,0,0,0,0,0,16.425242131751993
42.6,1,5,5.11979888639222,0,0,0,0,0,0,0,0,0,0,0,0,0,1,0,15.775605482856605
36.3,4,5,13.510930122931113,0,1,0,0,0,0,0,0,0,0,0,0,0,0,1,15.573368647930426
97.7,7,12,6.222253603675545,0,0,0,0,0,1,0,0,0,0,0,0,0,0,0,16.64931202316099
86.1,9,10,3.4380889814636286,0,0,0,0,0,0,0,0,1,0,0,0,0,0,0,16.348413485448646
24.5,6,18,13.086067788918587,0,0,1,0,0,0,0,1,0,0,0,0,0,0,0,15.691148599291397
31.7,4,5,4.473777827008706,0,1,0,0,0,0,0,0,0,0,0,0,0,0,1,15.671808704579888
34.9,25,25,12.900455169238413,0,0,0,0,0,0,0,1,0,0,0,0,0,0,0,15.843658936835498
31.9,7,24,6.204221523213351,0,0,1,0,0,0,1,0,0,0,0,0,0,0,0,15.984422191099869
42.0,16,18,6.059269084560594,0,0,0,0,0,0,1,0,0,0,0,0,0,0,0,16.191090596785127
35.2,15,25,3.885114415829032,0,0,1,0,0,1,0,0,0,0,0,0,0,0,0,16.143413238942586
35.4,4,10,5.957155492665508,0,0,0,0,0,0,1,0,0,0,0,0,0,0,0,16.221178364393225
21.6,21,27,5.474646783799237,1,0,1,0,0,0,1,0,0,0,0,0,0,0,0,16.094827126373104
53.0,2,23,5.703243074858312,0,0,0,0,0,0,1,0,0,0,0,0,0,0,0,16.349207451286784
74.0,3,25,8.833398249776666,0,0,0,0,0,0,0,1,0,0,0,0,0,0,0,16.447327525014515
50.0,8,16,8.091042098076484,0,0,0,0,0,0,0,1,0,0,0,0,0,0,0,15.955576839107596
72.9,6,20,6.222253603675545,0,0,1,0,1,1,0,0,0,0,0,0,0,0,0,16.41523295647506
128.6,7,8,2.1637895424271565,0,0,0,0,0,0,0,0,0,0,0,0,0,1,0,17.86702070279531
47.9,13,21,6.066329031040066,0,0,0,0,0,0,1,0,0,0,0,0,0,0,0,15.868740430746696
63.0,3,9,4.9307743029587465,0,0,0,0,0,0,0,0,0,0,0,0,0,0,1,16.349207451286784
63.4,1,4,15.63998635804528,0,0,1,0,0,0,0,1,0,0,0,0,0,0,0,16.14465783188935
71.7,3,18,8.178323314863306,0,0,0,0,1,1,0,0,0,0,0,0,0,0,0,16.401046624389874
75.6,3,9,14.738298160449242,0,0,0,0,0,0,0,0,0,0,0,0,0,0,0,16.185286994000275
53.2,13,24,5.856430937686289,0,0,1,1,0,0,1,0,0,0,0,0,0,0,0,16.548240428483663
69.8,18,19,14.046392694323757,0,0,0,0,0,0,0,1,0,0,0,0,0,0,0,16.46945657044626
107.0,2,10,4.167157733134506,0,0,0,0,0,0,0,0,0,0,0,0,0,1,0,17.11134746100564
32.0,3,6,2.758007067104091,0,0,0,0,0,0,0,0,0,0,0,0,0,1,0,16.02707636210017
53.7,5,12,5.150286304620739,0,0,0,0,0,0,0,0,1,0,0,0,0,0,0,16.592564234941655
58.4,22,25,6.221046778159821,0,0,1,1,0,0,1,0,0,0,0,0,0,0,0,16.62405499356094
34.4,2,12,6.080748815421133,0,0,0,0,0,0,1,0,0,0,0,0,0,0,0,15.975241046229126
58.3,9,18,6.059269084560594,0,0,0,0,0,0,1,0,0,0,0,0,0,0,0,16.450455227890618
91.4,9,23,2.7659915767751158,0,0,0,0,0,0,0,0,0,0,1,0,0,0,0,16.91811774489679
13.0,5,5,10.443070957898074,0,0,0,0,0,0,0,0,0,0,0,0,0,0,0,14.580978865220017
55.6,8,21,6.045792301687833,0,0,0,0,0,0,1,0,0,0,0,0,0,0,0,16.096872116651735
80.0,1,5,13.06546463822456,0,0,0,0,0,0,0,1,0,0,0,0,0,0,0,16.346027798622156
36.9,5,9,5.995575814778721,0,1,0,0,0,0,0,0,0,0,0,0,0,0,1,16.11799574596798
34.0,2,2,3.280596834671486,0,0,0,0,0,0,0,0,0,0,0,0,0,1,0,15.555976908243359
85.2,6,6,1.640081704912623,0,0,0,0,0,0,0,0,0,0,1,0,0,0,0,17.243025280411334
17.0,7,9,7.173487234727367,0,0,0,0,0,0,0,0,0,0,0,1,0,0,0,15.11023799953124
20.5,1,9,6.0124473644006,0,0,0,0,0,0,0,0,0,0,0,0,1,0,0,15.35237799261728
39.5,8,19,5.150286304620739,0,0,0,0,0,0,0,0,1,0,0,0,0,0,0,16.357986893489823
30.1,1,5,4.416493183130656,0,0,0,0,0,0,0,0,0,0,0,0,0,1,0,15.573368647930426
35.0,7,8,14.738298160449242,0,0,0,0,0,0,0,0,0,0,0,0,0,0,0,15.803111033002363
92.5,5,5,1.629176898367495,0,0,0,0,0,0,0,0,0,0,0,0,0,1,0,17.653564064727725
42.9,3,4,15.013714774489117,1,0,1,1,0,0,0,1,0,0,0,0,0,0,0,16.11336457705665
53.0,3,17,5.53320655127912,0,0,0,0,0,0,0,0,0,0,0,0,0,1,0,16.252539214928035
72.6,10,12,7.749666672297249,0,0,0,0,0,0,0,0,0,0,0,0,0,0,0,16.570035291848868
34.0,2,2,3.280596834671486,0,0,0,0,0,0,0,0,0,0,0,0,0,1,0,15.555976908243359
42.5,13,15,4.768856925963652,0,1,0,0,0,1,0,0,0,0,0,0,0,0,0,16.171636512673075
61.6,2,5,7.43171124563944,0,1,0,0,0,0,0,0,0,0,0,0,0,0,0,15.85543147152083
15.0,4,5,2.7723956392202824,0,0,0,0,0,0,0,0,0,0,0,0,0,1,0,15.145234832146
73.9,14,25,8.543989036283286,0,0,0,0,0,0,0,1,0,0,0,0,0,0,0,16.49378866941413
36.5,6,9,6.010648790527744,0,1,0,0,0,0,0,0,0,0,0,0,1,0,0,15.803385043104912
67.0,4,10,8.315570268122187,0,0,0,0,0,0,0,1,0,0,0,0,0,0,0,16.333207111220425
46.8,1,5,5.376950778773984,0,1,0,0,0,0,0,0,0,0,0,0,1,0,0,15.59046307836746
40.2,9,16,6.622289198116608,0,1,0,0,0,0,0,0,0,0,0,1,0,0,0,16.034714150714915
28.3,6,25,6.32621916013964,0,0,0,0,0,0,1,0,0,0,0,0,0,0,0,16.124648831887733
33.4,20,22,3.013187983233747,0,0,0,0,0,0,0,0,0,0,0,0,0,1,0,16.091751778288117
32.4,13,20,2.9041799626762765,0,0,0,0,0,0,0,0,1,0,0,0,0,0,0,16.200044325737416
37.3,4,26,5.975895980960924,0,1,0,0,0,0,1,0,0,0,0,0,0,0,0,16.066802461833923
103.0,5,10,5.404393201596684,0,1,0,0,0,0,1,0,0,0,0,0,0,0,0,16.993522762445874
24.5,6,18,13.086067788918587,0,0,1,0,0,0,0,1,0,0,0,0,0,0,0,15.691148599291397
19.0,1,9,7.494507426674693,0,0,0,0,0,0,0,0,0,0,0,1,0,0,0,15.11023799953124
35.6,1,3,20.12958795152075,0,0,0,0,0,0,0,1,0,0,0,0,0,0,0,15.501909696719672
65.0,8,10,6.227114995035542,0,1,0,0,0,0,1,0,0,0,0,0,0,0,0,16.14765455028724
23.5,3,9,20.013182377666222,0,0,1,0,0,0,0,1,0,0,0,0,0,0,0,15.587067489942822
62.5,14,25,6.093762621804344,0,0,0,0,0,0,1,0,0,0,0,0,0,0,0,16.595726431891787
36.2,20,25,8.577027442923782,0,1,0,0,0,0,0,1,0,0,0,0,0,0,0,15.852827303721527
119.0,8,20,3.584332902744898,0,0,0,0,0,0,0,0,1,0,0,0,0,0,0,17.21336907180573
33.7,7,9,14.757246284002548,0,0,1,0,0,0,0,0,0,0,0,0,0,0,0,15.9159795892352
75.4,9,9,14.738298160449242,0,0,0,0,0,0,0,0,0,0,0,0,0,0,0,16.244640280396762
27.9,1,9,4.735753474580692,0,0,0,0,0,0,0,0,1,0,0,0,0,0,0,15.590293572505455
60.3,9,9,14.757246284002548,0,0,1,0,0,0,0,0,0,0,0,0,0,0,0,15.979982463639242
86.6,3,4,15.093370439074985,1,0,1,1,0,0,0,1,0,0,0,0,0,0,0,16.48104295246938
34.3,10,10,8.544431306928551,0,1,0,0,0,0,1,0,0,0,0,0,0,0,0,15.989125383426996
34.4,10,10,9.471104632672644,0,1,0,0,0,0,0,1,0,0,0,0,0,0,0,15.931766193248746
37.0,5,9,5.081418149305799,0,1,0,0,0,0,0,0,0,0,0,0,1,0,0,15.7599912572715
30.1,4,11,8.112698424845599,0,0,0,0,0,0,0,0,0,0,0,0,0,0,0,15.90737474309945
33.7,3,10,7.497982514381213,0,0,1,0,0,0,1,0,0,0,0,0,0,0,0,16.092777945538128
45.0,2,9,6.258381532240466,0,1,0,0,0,0,1,0,0,0,0,0,0,0,0,16.077169588523187
32.0,2,5,5.796120614506088,0,1,0,0,0,0,0,0,0,0,0,0,0,0,1,15.444751293772967
36.1,2,19,12.808678138426554,0,1,0,0,0,0,0,1,0,0,0,0,0,0,0,15.64006001130563
75.7,6,7,14.783048173894638,0,0,0,0,0,0,0,0,0,0,0,0,0,0,0,16.257857680289998
104.0,18,19,3.685840683252179,0,0,0,0,0,0,0,0,1,0,0,0,0,0,0,17.410079360079497
38.0,8,18,8.315324388043042,0,1,0,0,0,0,0,1,0,0,0,0,0,0,0,15.86963441986494
33.6,5,6,19.87947559251168,0,0,0,0,0,0,0,1,0,0,0,0,0,0,0,15.950859849785708
56.4,3,8,19.87947559251168,0,0,0,0,0,0,0,1,0,0,0,0,0,0,0,16.23676726948576
30.3,16,25,8.83467442605838,0,0,0,0,0,0,0,1,0,0,0,0,0,0,0,15.663965528349177
76.1,3,10,6.348495833158853,0,0,1,0,0,1,0,0,0,0,0,0,0,0,0,16.612791953770035
31.0,1,5,5.060549042889542,0,1,0,0,0,0,0,0,0,0,0,0,0,0,1,15.520258832020865
92.7,11,19,5.15498303736087,0,0,0,0,0,1,0,0,0,0,0,0,0,0,0,16.67713990417031
13.0,2,5,6.443496202814482,0,1,0,0,0,0,1,0,0,0,0,0,0,0,0,14.962913328262083
29.3,4,5,10.381550207950273,0,0,0,0,0,0,0,0,0,0,0,0,0,0,0,15.581952390148196
34.1,8,10,13.354014050142863,0,1,0,0,0,0,0,1,0,0,0,0,0,0,0,15.72505321099685
70.4,2,17,13.125020045464847,0,0,0,0,0,0,0,1,0,0,0,0,0,0,0,16.44290738163879
53.0,17,26,1.1696593842333447,0,0,0,0,0,0,0,0,0,0,1,0,0,0,0,16.391932392633674
80.2,2,10,3.144781673409302,0,0,1,0,1,0,0,0,0,0,1,0,0,0,0,17.48920573725566
28.2,22,27,5.474646783799237,1,0,1,0,0,0,1,0,0,0,0,0,0,0,0,16.02598047169963
17.0,1,5,3.1357701262044437,0,0,0,0,0,0,0,0,0,0,0,0,0,1,0,15.160983184980543
59.5,15,18,6.059269084560594,0,0,0,0,0,0,1,0,0,0,0,0,0,0,0,16.46637229771629
47.2,2,19,8.388872521084757,0,1,0,0,0,0,1,0,0,0,0,0,0,0,0,16.118094750957916
39.5,9,10,9.269478312822294,0,0,0,0,0,0,0,1,0,0,0,0,0,0,0,15.869506206534194
39.4,5,9,19.87947559251168,1,0,1,0,0,0,0,1,0,0,0,0,0,0,0,15.97537946409697
73.7,1,5,13.033058089841902,0,0,0,0,0,0,0,1,0,0,0,0,0,0,0,16.26392618560028
68.8,5,5,7.131259095520727,0,1,0,0,0,0,0,0,0,0,0,0,0,0,0,15.901182773618341
67.2,1,10,6.348495833158853,0,0,1,0,1,1,0,0,0,0,0,0,0,0,0,16.52356082573315
20.0,1,9,4.976136035307517,0,0,0,0,0,0,0,0,0,0,0,0,0,0,1,15.26242977619469
22.1,4,13,7.867883218889441,0,0,1,1,0,0,0,0,0,0,0,0,0,0,0,15.72287587968973
33.3,8,9,5.033105841916819,0,0,0,0,0,0,0,0,0,0,0,0,0,0,1,15.49260730578806
75.6,4,9,14.738298160449242,0,0,0,0,0,0,0,0,0,0,0,0,0,0,0,16.195427086452952
62.8,9,10,7.18253323592269,0,1,0,0,0,0,0,0,0,0,0,0,0,0,0,16.3003339542868
59.1,9,26,5.027070565388673,0,0,0,0,0,0,1,0,0,0,0,0,0,0,0,16.588099342704055
43.5,5,9,6.21278542411722,0,1,0,0,0,1,0,0,0,0,0,0,0,0,0,16.329166702009918
59.8,5,5,4.813278220294201,0,1,0,0,0,0,0,0,1,0,0,0,0,0,0,15.978833698567334
86.9,2,4,15.013714774489117,1,0,1,1,0,0,0,1,0,0,0,0,0,0,0,16.478458854896363
85.1,10,11,6.919047568153552,0,1,0,0,0,0,1,0,0,0,0,0,0,0,0,16.266515742283485
33.7,8,9,14.757246284002548,0,0,1,0,0,0,0,0,0,0,0,0,0,0,0,15.733902824968563
35.0,10,10,3.430373748603737,0,0,0,0,0,1,0,0,0,0,0,0,0,0,0,16.128046080821385
65.0,6,10,2.7938446635325165,0,0,0,0,0,0,0,0,0,0,1,0,0,0,0,16.51013780630191
61.3,6,9,4.257904165827841,0,0,0,0,0,0,0,0,1,0,0,0,0,0,0,16.213405921671733
32.7,4,5,4.594624560409772,0,1,0,0,0,0,0,0,1,0,0,0,0,0,0,15.61540369240562
37.3,6,9,6.315010657759913,0,0,0,0,0,0,1,0,0,0,0,0,0,0,0,16.22277102195814
36.0,13,14,3.08671380883292,0,0,0,0,0,0,0,0,0,1,0,0,0,0,0,15.80324804743883
22.1,25,27,5.474646783799237,1,0,1,0,0,0,1,0,0,0,0,0,0,0,0,16.1339690985398
14.0,6,9,5.900915961486425,0,0,0,0,0,0,0,0,0,0,0,0,0,0,1,14.984892228079548
75.4,9,10,14.738298160449242,0,0,1,0,0,0,0,0,0,0,0,0,0,0,0,16.12308329197184
52.6,7,9,2.379322092508801,0,0,0,0,0,0,0,0,0,0,0,0,0,1,0,16.066802461833923
58.4,19,25,6.221046778159821,0,0,1,1,0,0,1,0,0,0,0,0,0,0,0,16.62405499356094
59.0,8,12,7.284833678676013,0,0,0,0,0,0,0,0,0,0,0,0,0,0,0,16.09779099966918
44.5,4,25,6.221046778159821,0,0,1,1,0,0,1,0,0,0,0,0,0,0,0,16.35856197295071
54.9,10,20,3.6817125452285473,0,0,1,0,0,0,0,0,0,0,0,0,0,1,0,16.799311991250416
38.4,12,17,5.974955438329737,0,0,0,0,0,0,1,0,0,0,0,0,0,0,0,16.15131289855136
95.4,2,5,24.0619834545899,0,0,1,0,0,0,0,0,0,0,0,0,0,0,1,16.84385996201144
69.6,10,19,4.142056947616257,0,0,0,0,0,0,0,0,0,0,0,0,0,1,0,17.062001588775953
61.6,7,10,6.348495833158853,0,0,1,0,0,1,0,0,0,0,0,0,0,0,0,16.58496944989105
15.8,6,9,10.587872643369252,0,1,0,0,0,0,0,0,0,0,0,0,0,0,0,14.845130332288226
92.1,6,20,6.222253603675545,0,0,1,0,1,1,0,0,0,0,0,0,0,0,0,16.612182011732823
92.6,3,3,1.6586195902576597,0,0,0,0,0,0,0,0,0,0,1,0,0,0,0,17.31767463658494
61.5,4,10,8.539067866321245,0,0,0,0,0,0,0,1,0,0,0,0,0,0,0,16.334416057472126
30.8,2,5,12.442318527400172,0,0,0,0,0,0,0,1,0,0,0,0,0,0,0,15.555976732804778
55.3,8,15,6.293107568942538,0,0,0,0,0,0,0,0,0,0,0,0,1,0,0,16.164979332277014
65.0,6,9,7.275441826699302,0,1,0,0,0,0,0,0,0,0,0,1,0,0,0,16.056220353623207
74.7,17,25,3.482813372548456,0,1,0,0,0,0,0,0,1,0,0,0,0,0,0,16.906553056777135
76.2,6,19,14.046392694323757,0,0,0,0,0,0,0,1,0,0,0,0,0,0,0,16.5659815388482
74.3,6,7,19.87947559251168,0,0,0,0,0,0,0,1,0,0,0,0,0,0,0,16.303745080901425
73.6,6,20,6.222253603675545,0,0,1,0,1,1,0,0,0,0,0,0,0,0,0,16.42189717909072
15.0,1,9,5.669717579882398,0,1,0,0,0,0,1,0,0,0,0,0,0,0,0,14.962913328262083
37.3,5,9,6.006584316940375,0,1,0,0,0,0,0,0,0,0,0,0,0,0,1,15.955459185141658
17.6,4,9,7.285635081241549,0,1,0,0,0,0,0,0,0,0,0,1,0,0,0,15.11023799953124
64.7,7,25,2.404550469283976,0,1,0,0,0,0,0,0,1,0,0,0,0,0,0,16.705882371415992
50.0,2,5,7.037418477081286,0,1,0,0,0,0,0,0,0,0,0,1,0,0,0,15.893701442898895
44.5,12,24,5.856430937686289,0,0,1,1,0,0,1,0,0,0,0,0,0,0,0,16.27472420118467
41.4,21,25,2.441486522593032,0,1,0,0,0,0,0,0,1,0,0,0,0,0,0,16.600521800202614
32.0,3,19,6.355571933475567,0,1,0,0,0,0,1,0,0,0,0,0,0,0,0,15.90737474309945
90.8,7,9,2.9255550111438384,0,0,0,0,0,0,0,0,0,0,1,0,0,0,0,17.26532046897211
53.1,9,25,3.894231369372236,0,0,1,0,0,1,0,0,0,0,0,0,0,0,0,16.42021103522589
102.0,10,21,4.492313206720885,0,0,1,0,0,0,0,0,0,0,0,0,0,1,0,17.621283785791704
71.4,4,9,20.013182377666222,0,0,1,0,0,0,0,1,0,0,0,0,0,0,0,16.14862495298635
77.4,7,25,6.093762621804344,0,0,0,0,0,0,1,0,0,0,0,0,0,0,0,16.688837937761765
48.2,10,10,6.651651756755461,0,1,0,0,0,0,0,0,0,0,0,1,0,0,0,15.989125383426996
75.9,7,9,19.87947559251168,1,0,1,0,1,0,0,1,0,0,0,0,0,0,0,16.394969600508507
72.8,5,17,13.125020045464847,0,0,1,0,0,0,0,1,0,0,0,0,0,0,0,16.473997966496587
23.5,3,9,20.013182377666222,0,0,1,0,0,0,0,1,0,0,0,0,0,0,0,15.587067489942822
59.0,7,21,3.2437941737106493,0,0,0,0,0,0,0,0,1,0,0,0,0,0,0,16.630654032631867
35.0,9,10,12.259010443521491,0,1,0,0,0,0,0,0,0,0,0,0,0,0,1,15.319588176962746
103.6,5,7,3.9187150983231582,0,0,0,0,0,0,0,0,1,0,0,0,0,0,0,16.953176370790878
87.0,3,4,15.093370439074985,1,0,1,1,0,0,0,1,0,0,0,0,0,0,0,16.485651255235748
23.4,5,5,3.3082014798362964,0,1,0,0,0,0,0,0,0,0,0,0,0,1,0,15.607270193858982
19.0,1,9,6.950420208698083,0,0,0,0,0,0,1,0,0,0,0,0,0,0,0,15.068273812173887
226.4,5,9,1.951753117718628,0,0,1,0,0,0,0,0,0,0,0,0,0,1,0,18.657861321618434
41.9,13,23,4.593242827660485,0,0,0,0,0,1,0,0,0,0,0,0,0,0,0,16.295052929034686
34.2,5,14,8.12866276684665,0,0,0,0,0,0,0,0,0,0,0,1,0,0,0,15.978833698567334
43.3,2,4,15.433416622116498,0,0,1,1,0,0,0,1,0,0,0,0,0,0,0,15.943766192098687
62.6,2,5,7.202853268838533,0,1,0,0,0,0,0,0,0,0,0,0,1,0,0,15.656060350091908
77.9,3,5,0.758221177655399,0,0,1,1,0,0,0,0,0,1,0,0,0,0,0,17.323751947415833
19.0,1,9,6.670384967219629,0,0,0,0,0,0,1,0,0,0,0,0,0,0,0,15.24582204373536
37.0,9,23,4.014674991693375,0,1,0,0,0,1,0,0,0,0,0,0,0,0,0,16.19967573011664
93.3,11,19,2.947770822047235,0,0,0,0,0,0,0,0,0,0,0,0,0,1,0,17.21001898503268
32.0,3,19,6.355571933475567,0,1,0,0,0,0,1,0,0,0,0,0,0,0,0,15.90737474309945
56.6,5,25,6.221046778159821,0,0,1,1,0,0,1,0,0,0,0,0,0,0,0,16.40405631764098
19.5,3,5,6.022975893053392,0,0,0,0,0,0,0,0,0,0,0,0,0,1,0,15.317363482435562
12.9,5,5,7.692689299797733,0,0,0,0,0,0,0,0,0,0,0,0,0,0,0,14.80876270134486
55.9,6,15,6.293107568942538,0,0,0,0,0,0,0,0,0,0,0,0,1,0,0,16.285472844954505
34.1,22,24,5.856430937686289,0,0,1,1,0,0,1,0,0,0,0,0,0,0,0,16.312774128891455
28.9,11,23,2.7659915767751158,0,0,0,0,0,0,0,0,0,0,1,0,0,0,0,16.13380668379242
105.0,10,12,3.065986221735276,0,1,0,0,0,0,0,0,1,0,0,0,0,0,0,17.1618997383427
93.0,3,5,0.532366863705355,0,1,0,0,0,0,0,0,0,0,1,0,0,0,0,17.8845373292961
33.9,12,20,2.9041799626762765,0,0,0,0,0,0,0,0,1,0,0,0,0,0,0,16.118145749703356
84.4,8,24,2.8728868848264084,0,1,0,0,0,0,0,0,1,0,0,0,0,0,0,17.122397296785223
34.6,4,10,3.6130206349030742,0,0,0,0,0,0,0,0,1,0,0,0,0,0,0,15.919644834185693
51.2,3,3,18.018513352022342,0,0,0,0,0,0,0,1,0,0,0,0,0,0,0,15.414898336565054
42.0,2,5,1.77242952446974,0,1,0,0,0,0,0,0,0,0,1,0,0,0,0,15.995928129978456
100.1,2,4,15.099912533218196,0,0,1,1,0,0,0,1,0,0,0,0,0,0,0,16.504357620041297
52.0,2,3,20.556729389647227,0,0,0,0,0,0,0,1,0,0,0,0,0,0,0,15.739759356223798
64.7,9,9,5.501530305874984,0,0,0,0,0,0,0,0,0,0,0,0,0,1,0,16.213405921671733
123.0,9,9,2.525330814425777,0,0,0,0,0,0,0,0,0,0,0,0,0,1,0,17.01418371633128
50.0,4,19,8.706676947340277,0,0,0,0,0,0,1,0,0,0,0,0,0,0,0,16.22245575637265
37.0,4,5,6.330679658095624,0,0,0,0,0,0,1,0,0,0,0,0,0,0,0,15.671652442396002
51.2,10,12,7.900803706946894,0,0,0,0,0,0,1,0,0,0,0,0,0,0,0,16.29958361040653
30.3,1,5,5.253385264805969,0,1,0,0,0,0,0,0,0,0,0,0,0,0,1,15.648092181712572
29.9,17,20,2.9041799626762765,0,0,0,0,0,0,0,0,1,0,0,0,0,0,0,16.009396345517693
83.0,5,9,6.202924781874132,0,1,0,0,0,0,1,0,0,0,0,0,0,0,0,16.780783675579947
55.2,3,8,6.222253603675545,0,0,0,0,0,1,0,0,0,0,0,0,0,0,0,16.327545956243526
54.2,2,5,2.833061332277805,0,1,0,0,0,0,0,0,0,0,0,0,0,1,0,16.34043896216581
24.5,6,18,13.086067788918587,0,0,1,0,0,0,0,1,0,0,0,0,0,0,0,15.691148599291397
18.0,2,5,3.5888284905374888,0,1,0,0,0,0,0,0,1,0,0,0,0,0,0,15.296888027655223
28.1,2,6,21.737622654095706,0,0,0,0,0,0,0,0,0,0,0,0,1,0,0,15.423538476824469
34.0,5,10,8.676925503455834,0,0,0,0,0,0,1,0,0,0,0,0,0,0,0,15.967272877502799
52.0,3,15,7.529594136636875,0,1,0,0,0,0,0,0,0,0,0,0,0,0,0,16.300408957718243
36.4,7,10,7.745511324422138,0,0,0,0,0,0,0,0,0,0,0,1,0,0,0,15.623799493077952
50.0,2,5,8.523019305796604,0,1,0,0,0,0,0,0,0,0,0,0,0,0,0,15.919644834185693
68.2,8,20,6.222253603675545,0,0,1,0,0,1,0,0,0,0,0,0,0,0,0,16.412256764023457
45.1,3,5,0.758221177655399,0,0,1,0,0,0,0,0,0,1,0,0,0,0,0,16.717932805072902
24.4,14,25,12.931670316909305,0,0,0,0,0,0,0,1,0,0,0,0,0,0,0,15.501909696719672
19.5,3,5,6.022975893053392,0,0,0,0,0,0,0,0,0,0,0,0,0,1,0,15.317363482435562
79.0,7,14,7.526229264655919,0,1,0,0,0,0,1,0,0,0,0,0,0,0,0,16.36495580701484
54.8,3,5,13.033058089841902,0,0,0,0,0,0,0,1,0,0,0,0,0,0,0,16.15923769025878
93.2,5,20,6.222253603675545,0,0,1,0,1,1,0,0,0,0,0,0,0,0,0,16.61034995026357
34.3,4,5,3.9907924267031136,0,0,0,0,0,0,0,0,0,0,0,0,0,0,1,15.607270193858982
32.9,3,5,1.20466546278287,0,0,1,0,0,0,0,0,0,0,1,0,0,0,0,16.82534680128504
53.5,12,25,6.221046778159821,0,0,1,1,0,0,1,0,0,0,0,0,0,0,0,16.496908796536413
36.3,9,9,7.873079487518314,0,1,0,0,0,0,0,0,0,0,0,1,0,0,0,15.810211007243431
42.1,2,17,5.957155492665508,0,0,1,0,1,0,1,0,0,0,0,0,0,0,0,16.237941712667855
45.3,1,3,17.465685837689993,0,0,0,0,0,0,0,1,0,0,0,0,0,0,0,15.914019285000524
45.4,2,3,17.465685837689993,0,0,0,0,0,0,0,1,0,0,0,0,0,0,0,15.916224357288707
78.1,4,19,4.709331641908926,0,0,0,0,0,1,0,0,0,0,0,0,0,0,0,16.61947687646566
62.6,2,5,7.213203421166483,0,0,0,0,0,0,0,0,0,0,0,0,1,0,0,15.53827733427679
85.5,4,5,24.0619834545899,0,0,1,1,0,0,0,0,0,0,0,0,0,0,1,16.7344199388392
40.6,2,9,6.315010657759913,0,0,0,0,0,0,1,0,0,0,0,0,0,0,0,16.228047211622386
53.0,3,4,5.612195175155072,0,0,0,0,0,0,0,0,0,0,0,0,1,0,0,15.893701442898895
59.0,1,5,5.026631618689107,0,0,0,0,0,1,0,0,0,0,0,0,0,0,0,15.869506206534194
16.7,5,6,1.097995333706075,0,1,0,0,0,0,0,0,0,0,1,0,0,0,0,15.754252361425857
20.3,1,9,9.094202840608297,0,1,0,0,0,0,0,0,0,0,0,0,0,0,0,15.319588176962746
36.4,3,22,5.957155492665508,0,0,1,0,1,0,1,0,0,0,0,0,0,0,0,16.12496708846422
39.8,1,3,17.465685837689993,0,0,0,0,0,0,0,1,0,0,0,0,0,0,0,15.784579181749553
71.2,9,9,1.851083511094592,0,1,0,0,0,0,0,0,0,0,0,0,0,1,0,16.906553056777135
29.3,1,5,4.670167680565404,0,1,0,0,0,0,0,0,0,0,1,0,0,0,0,15.687312888712007
40.4,1,5,3.324781232206844,0,0,0,0,0,0,0,0,0,0,0,0,0,1,0,15.830413711839864
14.5,2,5,3.596158295945504,0,0,0,0,0,1,0,0,0,0,0,0,0,0,0,15.009433329466965
24.0,2,19,3.880061315286283,0,0,0,0,0,0,0,0,1,0,0,0,0,0,0,15.72505321099685
35.6,9,17,6.059269084560594,0,0,0,0,0,0,1,0,0,0,0,0,0,0,0,16.143985692685646
60.3,4,16,4.950373325371888,0,1,0,0,0,0,0,0,1,0,0,0,0,0,0,16.166885910365842
75.4,9,10,14.738298160449242,0,0,1,0,0,0,0,0,0,0,0,0,0,0,0,16.12308329197184
63.9,17,25,3.885114415829032,0,0,1,0,0,1,0,0,0,0,0,0,0,0,0,16.577053752341524
56.0,8,10,6.348495833158853,0,0,1,0,1,1,0,0,0,0,0,0,0,0,0,16.432906463791053
81.2,5,10,14.738298160449242,0,0,1,0,0,0,0,0,0,0,0,0,0,0,0,16.181070544016418
45.0,4,5,10.77554302402895,0,0,0,0,0,0,0,0,0,0,0,0,0,0,0,15.702428831903658
37.4,9,12,12.83305147244371,0,1,0,0,0,0,0,1,0,0,0,0,0,0,0,15.732433317205148
90.3,5,6,0.5169874798788404,0,0,0,0,0,0,0,0,0,0,1,0,0,0,0,17.575547229677426
34.6,4,10,3.6130206349030742,0,1,0,0,0,0,0,0,1,0,0,0,0,0,0,15.919644834185693
28.3,6,25,6.32621916013964,0,0,0,0,0,0,1,0,0,0,0,0,0,0,0,16.124648831887733
59.5,5,14,8.530701394784979,0,0,1,0,1,0,0,1,0,0,0,0,0,0,0,16.36390838374034
77.5,4,14,14.046392694323757,0,0,0,0,0,0,0,1,0,0,0,0,0,0,0,16.58182973008354
30.0,2,9,5.062892655714789,0,1,0,0,0,0,0,0,0,0,0,0,1,0,0,15.761420707019587
55.6,14,18,5.999879751339932,0,0,0,0,0,0,1,0,0,0,0,0,0,0,0,16.40672809666234
117.6,4,5,1.20466546278287,0,0,1,0,0,0,0,0,0,0,1,0,0,0,0,17.927528456005803
38.9,12,18,6.059269084560594,0,0,0,0,0,0,1,0,0,0,0,0,0,0,0,16.143985692685646
37.0,2,7,5.31088235807306,0,1,0,0,0,0,0,0,0,0,0,0,1,0,0,16.077273656438063
19.2,3,5,6.022779587371683,0,0,0,0,0,0,0,0,0,0,0,0,0,1,0,15.137266664613225
72.6,4,10,7.497982514381213,0,0,1,0,1,0,1,0,0,0,0,0,0,0,0,16.68681280976523
20.0,1,9,5.079935828614964,0,0,0,0,0,0,0,0,0,0,0,0,0,0,1,15.214227685996272
70.0,5,7,1.946778785959832,0,1,0,0,0,0,0,0,0,0,0,0,0,1,0,16.546626097144056
41.0,11,25,2.4407394852762683,0,1,0,0,0,0,0,0,1,0,0,0,0,0,0,16.677711496036597
87.3,16,20,2.820056673945602,0,0,1,0,1,0,0,0,0,0,1,0,0,0,0,17.10636856853095
91.8,6,12,6.222253603675545,0,0,0,0,0,1,0,0,0,0,0,0,0,0,0,16.592464799941446
32.0,3,19,6.355571933475567,0,1,0,0,0,0,1,0,0,0,0,0,0,0,0,15.90737474309945
81.0,1,2,4.538533263130172,0,0,0,0,0,0,0,0,0,0,0,0,0,1,0,15.90737474309945
68.6,2,10,6.061086795784443,0,0,0,0,0,0,1,0,0,0,0,0,0,0,0,16.592233472641695
40.0,5,5,4.952070254236498,0,1,0,0,0,0,0,0,0,0,0,0,0,1,0,15.716124581581232
39.5,10,14,8.498189540418622,0,0,0,0,0,0,0,1,0,0,0,0,0,0,0,16.219207242709953
58.0,8,14,7.9058736301140895,0,1,0,0,0,0,1,0,0,0,0,0,0,0,0,16.13789837629371
49.0,3,5,19.53883713967596,0,0,0,0,0,0,0,1,0,0,0,0,0,0,0,15.588766725407043
27.5,6,10,2.71725377231751,0,0,1,0,0,0,0,0,0,0,0,0,0,1,0,16.447399470043365
49.7,12,24,5.856430937686289,0,0,1,1,0,0,1,0,0,0,0,0,0,0,0,16.27254065889538
86.0,5,26,5.567050161459835,0,0,0,0,0,0,0,0,0,0,1,0,0,0,0,16.536740259972397
97.4,1,5,6.279170406548671,0,1,0,0,0,0,0,0,0,0,0,0,1,0,0,16.835935492889124
63.3,19,20,4.037576044067731,0,0,0,0,0,0,0,0,0,0,0,0,0,1,0,16.63390887593684
53.9,16,16,3.414688808850832,0,0,0,0,0,0,0,0,1,0,0,0,0,0,0,16.42558042423569
75.8,3,18,5.999879751339932,0,0,0,0,0,0,1,0,0,0,0,0,0,0,0,16.624104552922756
40.1,5,5,4.843151299109932,0,0,0,0,0,0,0,0,0,0,0,0,0,0,1,16.029264546541317
56.4,2,8,19.87947559251168,0,0,0,0,0,0,0,1,0,0,0,0,0,0,0,16.181070544016418
37.3,5,9,6.315010657759913,0,0,0,0,0,0,1,0,0,0,0,0,0,0,0,16.244895776853756
45.8,6,10,6.638607620414206,0,1,0,0,0,1,0,0,0,0,0,0,0,0,0,16.034714150714915
50.0,10,19,12.83200504609072,0,1,0,0,0,0,0,1,0,0,0,0,0,0,0,16.181070544016418
34.4,8,10,14.738298160449242,0,0,1,0,0,0,0,0,0,0,0,0,0,0,0,15.717618233614914
39.9,18,23,4.593242827660485,0,0,0,0,0,1,0,0,0,0,0,0,0,0,0,16.297914161076342
34.4,2,9,5.298269326802973,0,1,0,0,0,0,0,0,0,0,0,0,1,0,0,15.830413711839864
57.5,1,5,1.392472089394375,0,1,0,0,0,0,0,0,0,0,1,0,0,0,0,16.04552506565036
33.0,17,17,6.3325951660911874,0,0,0,0,0,0,1,0,0,0,0,0,0,0,0,15.978833698567334
35.6,12,17,5.974955438329737,0,0,0,0,0,0,1,0,0,0,0,0,0,0,0,16.143985692685646
86.8,2,4,15.093370439074985,1,0,1,1,0,0,0,1,0,0,0,0,0,0,0,16.47730744437167
75.4,6,10,14.738298160449242,0,0,1,0,0,0,0,0,0,0,0,0,0,0,0,16.116093748488044
64.0,4,18,4.794220254394709,0,0,1,0,1,0,0,0,1,0,0,0,0,0,0,16.710316968238036
59.8,2,3,0.6530382917118932,0,1,0,0,0,0,0,0,0,0,1,0,0,0,0,16.677711496036597
50.6,7,10,2.8078694511197475,0,1,0,0,0,0,0,0,0,0,1,0,0,0,0,16.5563506464056
84.6,6,9,7.497982514381213,0,0,0,0,0,0,1,0,0,0,0,0,0,0,0,16.71748150661867
54.0,10,10,4.251308974891021,0,0,0,0,0,0,0,0,0,0,0,0,0,1,0,16.59432989206649
72.4,2,9,5.703243074858312,0,0,1,0,1,0,1,0,0,0,0,0,0,0,0,16.62709142156372
76.5,5,10,13.19579498835679,0,0,0,0,0,0,0,1,0,0,0,0,0,0,0,16.502357619510686
56.5,4,5,13.020379482682998,0,0,0,0,0,0,0,1,0,0,0,0,0,0,0,16.18013113586273
40.1,6,20,2.9041799626762765,0,0,0,0,0,0,0,0,1,0,0,0,0,0,0,16.382956872355646
36.5,6,14,14.42773432940933,0,0,1,0,0,0,0,0,0,0,0,0,1,0,0,15.8173960165056
57.0,15,16,8.042420860363372,0,1,0,0,0,0,0,0,0,0,0,1,0,0,0,16.300417291085605
62.0,16,18,15.456695852996027,0,1,0,0,0,0,0,0,0,0,0,0,1,0,0,15.89495209964411
50.4,8,10,8.322333306600582,0,1,0,0,0,0,0,1,0,0,0,0,0,0,0,16.045417532998773
32.9,8,9,5.209612572598845,0,1,0,0,0,0,0,0,1,0,0,0,0,0,0,15.876024217147117
43.0,2,5,4.535364471481626,0,0,0,0,0,0,0,0,0,0,0,0,0,1,0,15.83028036963463
38.9,12,18,5.999879751339932,0,0,0,0,0,0,1,0,0,0,0,0,0,0,0,16.128691417037707
106.8,2,18,4.794220254394709,0,0,1,0,1,0,0,0,1,0,0,0,0,0,0,17.109122766066015
94.1,2,5,13.06546463822456,0,0,0,0,0,0,0,1,0,0,0,0,0,0,0,16.54466978755087
37.0,8,24,6.500372955650297,0,0,0,0,0,0,1,0,0,0,0,0,0,0,0,16.13789837629371
32.8,5,17,7.156644513761767,0,1,0,0,0,0,1,0,0,0,0,0,0,0,0,15.88868261241667
153.6,5,8,3.067720519702951,0,0,1,0,1,0,0,0,0,0,1,0,0,0,0,18.151670908512344
52.2,3,25,3.885114415829032,0,0,1,0,0,1,0,0,0,0,0,0,0,0,0,16.3690604181149
80.6,19,25,5.09165865691544,0,0,0,0,0,1,0,0,0,0,0,0,0,0,0,16.810682724687716
76.8,5,24,5.856430937686289,0,0,1,1,0,0,1,0,0,0,0,0,0,0,0,16.759952695020466
54.7,12,25,12.925310539717035,0,0,0,0,0,0,0,1,0,0,0,0,0,0,0,16.139269984094557
41.7,11,20,8.054072390839538,0,1,0,0,0,0,0,0,0,0,0,1,0,0,0,16.118095750958314
34.5,4,5,19.919479464168763,0,0,0,0,0,0,0,1,0,0,0,0,0,0,0,15.171345969331382
49.2,8,25,8.48002397990255,0,0,0,0,0,0,0,1,0,0,0,0,0,0,0,16.256987736857138
30.3,2,3,20.587856271164547,0,1,0,0,0,0,0,1,0,0,0,0,0,0,0,15.483217567201578
40.0,5,5,4.952070254236498,0,1,0,0,0,0,0,0,0,0,0,0,0,1,0,15.716124581581232
37.8,4,9,5.276329777715716,0,0,0,0,0,0,0,0,1,0,0,0,0,0,0,15.607270193858982
57.8,3,14,14.42773432940933,0,0,1,0,1,0,0,0,0,0,0,0,1,0,0,16.127055491437815
80.5,9,19,3.008401749189452,0,0,0,0,0,0,0,0,0,0,1,0,0,0,0,17.15089368953705
96.0,3,4,15.63998635804528,0,0,1,1,0,0,0,1,0,0,0,0,0,0,0,16.468794845619517
65.0,2,9,9.207887855247852,0,0,0,0,0,0,0,1,0,0,0,0,0,0,0,16.379690465629075
95.4,4,4,0.7806486636612431,0,1,0,0,0,0,0,0,0,1,0,0,0,0,0,17.09472864949633
90.7,4,5,24.0619834545899,0,0,1,0,0,0,0,0,0,0,0,0,0,0,1,16.883068068069594
34.9,10,11,3.2968564237461813,0,0,1,0,0,0,0,0,0,0,0,0,0,1,0,16.288901236089576
49.7,6,9,3.221947032884357,0,1,0,0,0,0,0,0,1,0,0,0,0,0,0,16.08763654656639
24.0,7,12,6.27803108246974,0,0,0,0,0,0,0,0,0,0,0,0,1,0,0,15.64006001130563
118.1,9,9,5.209385966325656,0,0,0,0,0,1,0,0,0,0,0,0,0,0,0,17.15155771143424
51.1,15,19,6.956776095048477,0,1,0,0,0,0,1,0,0,0,0,0,0,0,0,16.257857680289998
33.7,6,9,14.757246284002548,0,0,1,0,0,0,0,0,0,0,0,0,0,0,0,15.722085850209309
60.5,15,25,3.885114415829032,0,0,1,0,0,1,0,0,0,0,0,0,0,0,0,16.54179621127262
76.3,18,19,4.709331641908926,0,0,0,0,0,1,0,0,0,0,0,0,0,0,0,16.62129230801931
42.3,1,5,2.339373755269208,0,0,0,0,0,0,0,0,0,0,1,0,0,0,0,15.775605482856605
59.7,15,22,6.182144885408042,0,0,1,0,1,1,0,0,0,0,0,0,0,0,0,16.433636124477953
60.0,13,20,4.024053947316268,0,1,0,0,0,1,0,0,0,0,0,0,0,0,0,16.379690465629075
59.0,5,25,5.975895980960924,0,1,0,0,0,0,1,0,0,0,0,0,0,0,0,16.53943417383957
55.8,5,8,2.2962146219238484,0,0,0,0,0,0,0,0,0,0,0,0,0,1,0,16.906553056777135
36.9,5,9,6.384503733845037,0,0,0,0,0,0,1,0,0,0,0,0,0,0,0,16.183090099395244
59.0,5,5,3.112616407309695,0,0,0,0,0,0,0,0,0,0,0,0,0,1,0,15.894827216846577
16.6,8,9,5.55491378282034,0,1,0,0,0,0,0,0,0,0,0,0,1,0,0,15.176487367510099
47.2,11,25,8.543989036283286,0,0,0,0,0,0,0,1,0,0,0,0,0,0,0,16.16593307570136
18.0,2,5,5.770695645961177,0,1,0,0,0,0,0,0,0,0,0,0,0,1,0,15.033386563317146
81.0,13,18,17.18540085696183,0,0,0,0,0,0,0,0,0,0,0,0,0,0,0,16.166885910365842
64.3,19,25,3.885114415829032,0,0,1,0,0,1,0,0,0,0,0,0,0,0,0,16.565178149175782
53.6,8,23,5.6429341301360205,0,0,0,0,0,0,1,0,0,0,0,0,0,0,0,16.377378326048895
100.6,2,4,15.013714774489117,1,0,1,1,0,0,0,1,0,0,0,0,0,0,0,16.62485307079295
89.2,3,5,13.061676068117537,0,0,0,0,0,0,0,1,0,0,0,0,0,0,0,16.487588167716165
90.2,3,8,3.9187150983231582,0,0,1,0,0,0,0,0,1,0,0,0,0,0,0,16.888203918950687
38.3,6,6,0.8203276170097008,0,1,0,0,0,0,0,0,0,1,0,0,0,0,0,15.80324804743883
61.6,1,3,1.1556664268352252,0,0,0,0,0,0,0,0,0,0,1,0,0,0,0,16.454496527890633
106.8,6,8,3.9187150983231582,0,0,1,0,1,0,0,0,1,0,0,0,0,0,0,17.02635425145779
67.1,3,20,2.853745377206112,0,1,0,0,0,0,0,0,1,0,0,0,0,0,0,17.054189010128656
70.5,8,10,4.418589051482568,0,0,0,0,0,0,0,0,1,0,0,0,0,0,0,16.5563506464056
30.5,1,5,2.222717140782036,0,1,0,0,0,0,0,0,0,0,1,0,0,0,0,15.59046307836746
102.0,4,19,4.075835805891503,0,0,0,0,0,0,0,0,0,0,0,0,0,1,0,17.590567731255042
92.0,8,8,2.709000285763484,0,1,0,0,0,0,0,0,0,0,0,0,0,1,0,17.473930830366697
29.0,1,9,1.9469765764156055,0,0,0,0,0,0,0,0,0,0,0,0,0,1,0,15.46416937585933
54.2,6,10,6.272487468989085,0,0,0,0,0,0,0,0,0,0,0,0,1,0,0,16.167837838000608
58.1,7,9,4.117204836502691,0,0,0,0,0,1,0,0,0,0,0,0,0,0,0,16.2962419200238
88.6,3,6,3.823325174561187,0,0,0,0,0,0,0,0,1,0,0,0,0,0,0,17.038378443942648
42.0,5,9,3.270750972323094,0,0,0,0,0,0,0,0,1,0,0,0,0,0,0,16.23124583819263
62.1,14,20,3.2613705832788136,0,0,0,0,0,0,0,0,1,0,0,0,0,0,0,17.249497794707484
45.0,3,4,15.093370439074985,1,0,1,1,0,0,0,1,0,0,0,0,0,0,0,16.152497174294005
68.6,13,14,3.732491671359808,0,0,1,0,0,1,0,0,0,0,0,0,0,0,0,16.715388543714027
47.8,7,16,6.885171469020361,0,1,0,0,0,0,1,0,0,0,0,0,0,0,0,15.966109410374866
49.1,4,10,8.451286263249969,0,1,0,0,0,0,0,0,0,0,0,1,0,0,0,16.16593307570136
98.0,9,12,4.950373325371888,0,1,0,0,0,0,0,0,1,0,0,0,0,0,0,16.36495580701484
63.0,2,5,9.825270480931986,0,1,0,0,0,0,1,0,0,0,0,0,0,0,0,16.0116235176825
51.2,2,18,4.794220254394709,0,0,1,0,1,0,0,0,1,0,0,0,0,0,0,16.540090126591462
60.8,4,9,14.757246284002548,0,0,1,0,0,0,0,0,0,0,0,0,0,0,0,15.968434992547925
74.0,15,17,7.284465751095489,0,1,0,0,0,0,0,0,0,0,0,1,0,0,0,16.300000537623998
39.2,7,23,2.2162301214597946,0,0,0,0,0,0,0,0,0,0,0,0,0,1,0,16.218529138724122
76.8,4,24,5.856430937686289,0,0,1,1,0,0,1,0,0,0,0,0,0,0,0,16.759952695020466
36.9,4,5,8.625869236293834,0,0,0,0,0,0,0,0,0,0,0,0,0,0,0,15.856731016694035
60.6,17,22,3.617005597413697,0,1,0,0,0,0,0,0,1,0,0,0,0,0,0,16.835935492889124
39.7,14,20,2.9041799626762765,0,0,0,0,0,0,0,0,1,0,0,0,0,0,0,16.388199197465855
35.5,10,20,4.690583915083459,0,1,0,0,0,1,0,0,0,0,0,0,0,0,0,16.10298211467111
91.8,6,12,6.222253603675545,0,0,0,0,0,1,0,0,0,0,0,0,0,0,0,16.592464799941446
67.0,3,18,8.178323314863306,0,0,0,0,0,1,0,0,0,0,0,0,0,0,0,16.322056464405193
68.4,8,16,4.954661708523071,0,1,0,0,0,0,1,0,0,0,0,0,0,0,0,16.44010675620271
53.0,4,9,8.424931427004196,0,1,0,0,0,0,0,1,0,0,0,0,0,0,0,16.190416405561198
47.8,2,17,13.125020045464847,0,0,1,0,0,0,0,1,0,0,0,0,0,0,0,15.988126591398473
43.0,5,5,3.7096482004851015,0,0,0,0,0,1,0,0,0,0,0,0,0,0,0,15.717618233614914
47.0,5,24,5.405609407263594,0,0,0,0,0,1,0,0,0,0,0,0,0,0,0,16.333207111220425
54.1,5,9,5.544326473991698,0,1,0,0,0,0,0,0,1,0,0,0,0,0,0,15.90737474309945
48.3,13,14,8.498189540418622,0,0,0,0,0,0,0,1,0,0,0,0,0,0,0,16.35101533973709
33.2,3,20,2.853745377206112,0,1,0,0,0,0,0,0,1,0,0,0,0,0,0,16.380459992348886
46.7,5,16,7.521406860317673,0,1,0,0,0,0,0,0,0,0,0,1,0,0,0,16.012735246411598
44.9,8,10,3.99006768413214,0,1,0,0,0,0,0,0,1,0,0,0,0,0,0,15.989125383426996
78.4,19,22,5.688334347229077,0,0,1,0,1,0,1,0,0,0,0,0,0,0,0,16.9063096635341
37.1,22,25,8.543989036283286,0,0,0,0,0,0,0,1,0,0,0,0,0,0,0,16.002684911680433
35.4,4,10,5.957155492665508,0,0,0,0,0,0,1,0,0,0,0,0,0,0,0,16.306471758579157
34.1,8,10,13.354014050142863,0,1,0,0,0,0,0,1,0,0,0,0,0,0,0,15.72505321099685
70.4,5,17,13.125020045464847,0,0,0,0,0,0,0,1,0,0,0,0,0,0,0,16.473997966496587
52.0,4,22,6.182144885408042,0,0,1,0,0,1,0,0,0,0,0,0,0,0,0,16.250000809480674
25.9,1,5,3.0245656550980216,0,1,0,0,0,0,0,0,1,0,0,0,0,0,0,15.363073279446223
56.2,4,20,3.732491671359808,0,0,0,0,0,1,0,0,0,0,0,0,0,0,0,16.257857680289998
22.1,4,13,7.867883218889441,0,0,1,1,0,0,0,0,0,0,0,0,0,0,0,15.72287587968973
19.0,2,5,3.2811571327176234,0,0,0,0,0,0,0,0,0,0,0,0,0,1,0,15.483028870189733
69.1,21,25,8.543989036283286,0,0,0,0,0,0,0,1,0,0,0,0,0,0,0,16.672555369182625
63.5,5,5,0.6931208334039932,0,0,0,0,0,0,0,0,0,1,0,0,0,0,0,17.009437778479008
37.5,2,3,20.47328696174888,0,0,0,0,0,0,0,1,0,0,0,0,0,0,0,15.59046307836746
64.4,3,15,2.379274800160088,0,1,0,0,0,0,0,0,0,0,0,0,0,1,0,16.503290090255962
63.0,3,21,4.137672223329381,0,0,0,0,0,0,0,0,0,0,0,0,0,1,0,17.030779927382884
55.8,5,5,13.061676068117537,0,0,0,0,0,0,0,1,0,0,0,0,0,0,0,16.12308329197184
62.4,9,10,7.608049574994752,0,1,0,0,0,0,0,0,0,0,0,1,0,0,0,16.166885910365842
69.6,2,8,1.211439396607261,0,0,0,0,0,0,0,0,0,0,1,0,0,0,0,16.996383785075302
52.3,1,19,5.7326282218822495,0,1,0,0,0,1,0,0,0,0,0,0,0,0,0,16.380383066319148
21.8,23,27,5.474646783799237,1,0,1,0,0,0,1,0,0,0,0,0,0,0,0,15.956752618058363
88.0,14,17,5.152996820931395,0,0,0,0,0,0,0,0,1,0,0,0,0,0,0,16.8740768226446
71.0,2,5,1.6704481783963043,0,0,0,0,0,0,0,0,0,0,0,0,0,1,0,17.0785181324655
34.7,25,25,2.745823440266608,0,0,0,0,0,0,0,0,0,0,0,0,0,1,0,16.388122864507256
73.6,8,20,3.6817125452285473,0,0,1,0,0,0,0,0,0,0,0,0,0,1,0,17.0926553286923
60.0,13,18,4.794220254394709,0,0,1,0,1,0,0,0,1,0,0,0,0,0,0,16.655757987089082
94.8,10,17,1.951753117718628,0,0,1,0,0,0,0,0,0,0,0,0,0,1,0,17.534967736789476
50.0,12,23,5.405609407263594,0,0,0,0,0,1,0,0,0,0,0,0,0,0,0,16.283610174181653
40.0,1,1,19.665561777873386,0,0,0,0,0,0,0,1,0,0,0,0,0,0,0,15.068273812173887
58.3,2,18,5.974955438329737,0,0,0,0,0,0,1,0,0,0,0,0,0,0,0,16.407718913081702
34.7,10,19,8.706676947340277,0,0,0,0,0,0,1,0,0,0,0,0,0,0,0,15.86320353036178
32.0,4,5,3.711926322442256,0,1,0,0,0,0,0,0,1,0,0,0,0,0,0,15.615568995296266
40.9,10,16,7.653980428282981,0,0,0,0,0,0,0,0,0,0,0,1,0,0,0,15.961441957872001
52.7,5,10,3.3757005611705844,0,1,0,0,0,0,0,0,1,0,0,0,0,0,0,16.357112630168974
122.8,3,4,15.099912533218196,0,0,1,1,0,0,0,1,0,0,0,0,0,0,0,16.695046093276595
49.0,2,3,17.998627149517425,0,1,0,0,0,0,0,1,0,0,0,0,0,0,0,15.422946668128484
63.9,6,10,7.975284420405518,0,1,0,0,0,0,0,0,0,0,0,1,0,0,0,16.357112630168974
22.0,1,9,3.4386917831587285,0,0,0,0,0,0,0,0,1,0,0,0,0,0,0,15.253685778321676
34.4,2,9,5.298269326802973,0,1,0,0,0,0,0,0,0,0,0,0,1,0,0,15.810211007243431
42.6,12,18,13.086067788918587,0,0,1,0,0,0,0,1,0,0,0,0,0,0,0,15.959719422729519
56.0,9,20,6.222253603675545,0,0,1,0,0,1,0,0,0,0,0,0,0,0,0,16.353167852189184
71.3,1,4,15.63998635804528,0,0,1,0,0,0,0,1,0,0,0,0,0,0,0,16.15124518327164
19.0,5,5,4.983816192778577,0,1,0,0,0,0,0,0,0,0,0,0,0,0,1,15.173919972664004
60.7,8,10,5.947682996090198,0,0,0,0,0,0,0,0,0,0,0,0,1,0,0,16.275099485238066
64.3,14,25,3.885114415829032,0,0,1,0,0,1,0,0,0,0,0,0,0,0,0,16.560481714418206
19.1,1,4,14.65883321114352,0,1,0,0,0,0,0,0,0,0,0,0,0,0,1,14.626441218624949
28.6,22,27,5.474646783799237,1,0,1,0,0,0,1,0,0,0,0,0,0,0,0,16.053023760938185
105.8,10,11,6.59289112257136,0,1,0,0,0,0,0,0,0,0,0,1,0,0,0,16.496532155171714
113.7,6,7,4.084673007625362,0,0,0,0,0,0,0,0,1,0,0,0,0,0,0,16.811192880270724
53.2,16,25,8.543989036283286,0,0,0,0,0,0,0,1,0,0,0,0,0,0,0,16.395727463314174
85.9,5,24,3.0135539205524164,0,0,0,0,0,0,0,0,1,0,0,0,0,0,0,17.138746434192754
77.5,10,14,14.046392694323757,0,0,0,0,0,0,0,1,0,0,0,0,0,0,0,16.58182973008354
69.8,18,19,14.046392694323757,0,0,0,0,0,0,0,1,0,0,0,0,0,0,0,16.46945657044626
94.9,3,22,6.182144885408042,0,0,1,0,0,1,0,0,0,0,0,0,0,0,0,16.78950839047088
74.6,3,7,21.75218281359872,0,0,0,0,0,0,0,0,0,0,0,0,1,0,0,16.256456177025598
65.0,5,5,5.700975525064757,0,0,0,0,0,0,0,0,0,0,0,0,1,0,0,15.955576839107596
28.5,3,3,20.00325163498699,0,0,0,0,0,0,0,1,0,0,0,0,0,0,0,15.511126350125648
39.1,14,23,4.593242827660485,0,0,0,0,0,1,0,0,0,0,0,0,0,0,0,16.242479166552467
55.6,2,18,6.059269084560594,0,0,0,0,0,0,1,0,0,0,0,0,0,0,0,16.355452197425713
121.2,3,9,4.001890749546281,0,0,1,0,0,0,0,0,0,0,0,0,0,1,0,17.728644965556168
54.5,3,5,13.033058089841902,0,0,0,0,0,0,0,1,0,0,0,0,0,0,0,16.155391532041126
55.2,1,2,19.017634401604678,0,0,0,0,0,0,0,1,0,0,0,0,0,0,0,15.319587954740548
60.8,9,10,6.693919747422926,0,1,0,0,0,0,1,0,0,0,0,0,0,0,0,16.08763654656639
55.3,8,23,5.6429341301360205,0,0,1,0,0,0,1,0,0,0,0,0,0,0,0,16.378149633393626
55.3,7,15,6.293107568942538,0,0,0,0,0,0,0,0,0,0,0,0,1,0,0,16.164979332277014
52.4,2,2,8.884834198618602,0,1,0,0,0,0,0,0,0,0,0,0,0,0,0,15.671808704579888
63.3,4,10,3.144781673409302,0,0,1,0,1,0,0,0,0,0,1,0,0,0,0,17.73879843579772
72.4,7,22,6.182144885408042,0,0,1,0,1,1,0,0,0,0,0,0,0,0,0,16.54401683295065
83.2,2,9,6.695326979335662,0,0,0,0,0,1,0,0,0,0,0,0,0,0,0,16.537525463772262
76.3,3,7,14.922735526441498,0,0,0,0,0,0,0,0,0,0,0,0,0,0,0,16.171636512673075
64.0,13,20,2.8579859000294783,0,0,0,0,0,0,0,0,0,0,0,0,0,1,0,16.677711496036597
41.9,15,23,4.593242827660485,0,0,0,0,0,1,0,0,0,0,0,0,0,0,0,16.295052929034686
97.2,4,19,5.15498303736087,0,0,0,0,0,1,0,0,0,0,0,0,0,0,0,16.6748502639193
33.1,2,2,5.681406514306228,0,1,0,0,0,0,0,0,0,0,0,0,1,0,0,15.317363482435562
34.5,12,18,13.086067788918587,0,0,0,0,0,0,0,1,0,0,0,0,0,0,0,15.887178085145601
41.6,2,9,4.320297280654904,0,1,0,0,0,0,0,0,0,0,0,0,0,1,0,16.23587877550359
75.4,1,10,7.271500832000407,0,0,0,0,0,0,1,0,0,0,0,0,0,0,0,16.195056784687036
62.0,12,16,7.532722410831186,0,0,0,0,0,0,0,0,0,0,0,1,0,0,0,16.58684856088062
55.2,15,18,3.023242429754411,0,0,0,0,0,0,0,0,1,0,0,0,0,0,0,16.61887099947687
88.3,3,9,7.653980428282981,0,1,0,0,0,0,0,0,0,0,0,1,0,0,0,16.612791953770035
72.8,16,25,6.221046778159821,0,0,1,1,0,0,1,0,0,0,0,0,0,0,0,16.704310024903013
59.5,11,17,5.918939312890704,0,0,0,0,0,0,1,0,0,0,0,0,0,0,0,16.449423319811945
37.3,5,19,6.328399308730715,0,1,0,0,0,0,1,0,0,0,0,0,0,0,0,16.08763654656639
91.7,1,4,15.013714774489117,1,0,1,0,0,0,0,1,0,0,0,0,0,0,0,16.520027925953926
89.5,4,5,13.033058089841902,0,0,0,0,0,0,0,1,0,0,0,0,0,0,0,16.541400742682697
99.0,8,19,3.826166741172525,0,1,0,0,0,0,0,0,1,0,0,0,0,0,0,16.811192880270724
36.5,5,25,3.899941213666867,0,0,1,0,0,1,0,0,0,0,0,0,0,0,0,16.15262315668388
100.9,4,9,3.349638769729598,0,0,0,0,0,0,0,0,1,0,0,0,0,0,0,16.801192546169812
65.6,1,10,8.08545574535839,0,1,0,0,0,0,0,0,0,0,0,0,0,0,0,15.931766193248746
45.5,14,18,6.43341072320833,0,0,0,0,0,0,1,0,0,0,0,0,0,0,0,16.20885010555098
67.6,2,5,0.611969387012355,0,0,0,0,0,0,0,0,0,1,0,0,0,0,0,16.89033128403514
68.6,15,19,12.63726273850302,0,0,0,0,0,0,0,1,0,0,0,0,0,0,0,16.357112630168974
65.0,6,14,7.284465751095489,0,1,0,0,0,0,0,0,0,0,0,1,0,0,0,16.096872116651735
45.0,6,9,4.855193522733599,0,1,0,0,0,0,0,0,0,0,0,0,0,0,1,15.868351546216628
46.6,4,6,21.737622654095706,0,0,0,0,0,0,0,0,0,0,0,0,1,0,0,15.808987129525251
59.5,7,7,1.211439396607261,0,0,0,0,0,0,0,0,0,0,1,0,0,0,0,16.854181671938456
34.7,4,7,14.923984567961927,0,0,0,0,0,0,0,0,0,0,0,0,0,0,0,15.702580358511794
82.1,3,8,3.067720519702951,0,0,1,0,1,0,0,0,0,0,1,0,0,0,0,17.21437455272875
65.4,10,13,3.90833064642225,0,0,0,0,0,0,0,0,1,0,0,0,0,0,0,16.300417207752275
22.0,1,9,3.4386917831587285,0,0,0,0,0,0,0,0,1,0,0,0,0,0,0,15.253685778321676
47.8,6,10,5.175783539948288,0,1,0,0,0,0,0,0,0,0,0,0,0,0,1,16.372737946851277
18.0,3,9,6.157966221045293,0,0,0,0,0,0,1,0,0,0,0,0,0,0,0,15.137266664613225
34.4,6,10,8.712592272315975,0,1,0,0,0,0,0,0,0,0,0,0,0,0,0,15.747032114495013
57.0,5,7,7.015638960263904,0,1,0,0,0,0,0,0,0,0,0,0,0,0,0,16.185754392890075
67.9,2,4,15.63998635804528,0,0,1,1,0,0,0,1,0,0,0,0,0,0,0,16.115929406343763
89.6,11,14,5.688334347229077,0,0,1,0,1,0,1,0,0,0,0,0,0,0,0,16.902042901504718
61.8,8,18,15.618329424576633,0,1,0,0,0,0,0,0,0,0,0,0,1,0,0,15.894952224644102
76.4,7,19,4.523901275624637,0,0,0,0,0,0,0,0,0,0,0,0,0,1,0,16.983093130550188
43.2,2,4,15.63998635804528,0,0,1,1,0,0,0,1,0,0,0,0,0,0,0,15.942379550026438
34.5,6,20,2.9041799626762765,0,0,0,0,0,0,0,0,1,0,0,0,0,0,0,16.13569005761522
120.5,4,5,0.9742162947853368,0,1,0,0,0,0,0,0,0,1,0,0,0,0,0,17.72753358339242
88.4,3,24,6.204221523213351,0,0,1,0,0,0,1,0,0,0,0,0,0,0,0,16.878338751596694
36.5,18,19,12.86033109261013,0,0,0,0,0,0,0,1,0,0,0,0,0,0,0,15.826405690977799
65.0,5,11,7.761243514016058,0,0,0,0,0,0,0,0,0,0,0,0,0,0,0,16.597431598344524
96.0,2,5,7.862747597451421,0,1,0,0,0,0,0,1,0,0,0,0,0,0,0,16.840753137438252
81.0,3,4,15.399213490147805,1,0,1,1,0,0,0,1,0,0,0,0,0,0,0,16.414192296382677
57.4,5,5,4.317579189816172,0,1,0,0,0,0,0,0,0,0,0,0,0,0,1,15.967272877502799
53.0,1,4,15.230307365762137,0,0,0,0,0,0,0,1,0,0,0,0,0,0,0,15.613914735473898
37.7,6,9,5.585555260872606,0,0,0,0,0,1,0,0,0,0,0,0,0,0,0,16.056220353623207
33.0,1,12,4.248445462012056,0,0,0,0,0,0,0,0,1,0,0,0,0,0,0,15.7599912572715
54.5,2,5,2.7207474588044165,0,1,0,0,0,0,0,0,0,0,0,0,0,1,0,15.990262393084793
34.3,19,22,8.210833713963046,0,0,0,0,0,0,0,1,0,0,0,0,0,0,0,16.179473024680053
73.7,3,9,7.497982514381213,0,0,0,0,0,0,1,0,0,0,0,0,0,0,0,16.68681280976523
17.1,4,9,7.201058946511503,0,1,0,0,0,0,1,0,0,0,0,0,0,0,0,15.150511887854474
38.9,17,18,6.059269084560594,0,0,0,0,0,0,1,0,0,0,0,0,0,0,0,16.181228278039814
42.0,4,5,3.640431906004346,0,0,0,0,0,1,0,0,0,0,0,0,0,0,0,15.874749519877604
35.1,1,10,8.637644798871317,0,1,0,0,0,0,0,0,0,0,0,0,0,0,0,15.761420707019587
43.7,20,23,4.014674991693375,0,1,0,0,0,1,0,0,0,0,0,0,0,0,0,16.372737946851277
78.3,3,22,6.182144885408042,0,0,1,0,0,1,0,0,0,0,0,0,0,0,0,16.604833540658035
46.1,1,3,17.998627149517425,0,1,0,0,0,0,0,1,0,0,0,0,0,0,0,15.454313273240729
86.0,5,26,5.567050161459835,0,0,0,0,0,0,0,0,0,0,1,0,0,0,0,16.536740259972397
63.0,4,4,19.86663897490298,0,0,0,0,0,0,0,1,0,0,0,0,0,0,0,15.49260730578806
107.1,3,7,3.459989237895303,0,0,1,0,0,0,0,0,0,1,0,0,0,0,0,17.346840128163915
77.4,24,25,6.093762621804344,0,0,0,0,0,0,1,0,0,0,0,0,0,0,0,16.70617121856848
65.0,1,9,9.122237198734751,0,0,0,0,0,0,0,0,0,0,0,0,0,0,0,15.82372472458392
59.2,22,25,6.221046778159821,0,0,1,1,0,0,1,0,0,0,0,0,0,0,0,16.623447058506347
47.2,5,5,3.1036937412606345,0,0,0,0,0,0,0,0,0,0,0,0,0,1,0,15.812819845805421
45.1,4,4,15.013714774489117,1,0,1,1,0,0,0,1,0,0,0,0,0,0,0,16.171958735604658
50.0,13,24,5.4662971465546,0,0,0,0,0,1,0,0,0,0,0,0,0,0,0,16.213405921671733
89.2,5,10,3.508164518149553,0,1,0,0,0,0,0,0,1,0,0,0,0,0,0,15.949558767492176
55.3,3,15,6.293107568942538,0,0,0,0,0,0,0,0,0,0,0,0,1,0,0,16.156354459321797
28.4,1,19,6.34902752473352,0,0,0,0,0,0,1,0,0,0,0,0,0,0,0,15.816855549061078
63.8,7,16,6.619908567198098,0,1,0,0,0,0,0,0,0,0,0,1,0,0,0,16.283610174181653
77.4,11,25,6.093762621804344,0,0,0,0,0,0,1,0,0,0,0,0,0,0,0,16.735799791635017
82.9,1,10,6.348495833158853,0,0,1,0,1,1,0,0,0,0,0,0,0,0,0,16.660419999923214
78.1,6,14,3.732491671359808,0,0,1,0,0,1,0,0,0,0,0,0,0,0,0,16.822482726565596
33.8,3,3,20.49249293750556,0,0,0,0,0,0,0,1,0,0,0,0,0,0,0,15.573368647930426
87.1,4,4,15.093370439074985,1,0,1,1,0,0,0,1,0,0,0,0,0,0,0,16.486800020360125
23.5,3,9,20.013182377666222,0,0,1,0,0,0,0,1,0,0,0,0,0,0,0,15.587067489942822
28.4,15,27,5.474646783799237,1,0,1,0,0,0,1,0,0,0,0,0,0,0,0,16.044449218432643
36.4,3,18,8.178323314863306,0,0,0,0,0,1,0,0,0,0,0,0,0,0,0,15.76142084987672
126.0,3,5,24.0619834545899,0,0,1,0,0,0,0,0,0,0,0,0,0,0,1,17.122623022214803
97.8,8,10,4.986104570298662,0,1,0,0,0,1,0,0,0,0,0,0,0,0,0,16.51013104952278
31.7,4,5,4.473777827008706,0,1,0,0,0,0,0,0,0,0,0,0,0,0,1,15.671808704579888
33.7,3,10,7.497982514381213,0,0,1,0,0,0,1,0,0,0,0,0,0,0,0,16.092777945538128
34.6,5,5,14.284855293255337,0,1,0,0,0,0,0,0,0,0,0,0,0,0,1,15.319588176962746
59.5,13,18,5.974955438329737,0,0,0,0,0,0,1,0,0,0,0,0,0,0,0,16.449423319811945
44.2,5,19,5.150286304620739,0,0,0,0,0,0,0,0,1,0,0,0,0,0,0,16.429279896000548
50.0,2,9,8.337518782965327,0,0,0,0,0,0,0,0,0,0,0,0,0,0,0,16.066697193146553
30.0,4,9,4.025644132808794,0,0,0,0,0,0,0,0,1,0,0,0,0,0,0,15.868351546216628
29.0,5,5,4.9465013365243,0,0,0,0,0,1,0,0,0,0,0,0,0,0,0,15.682686821036576
68.5,3,10,8.261119821885691,0,0,0,0,0,0,0,0,0,0,0,0,0,0,0,16.36495580701484
17.4,5,5,5.276530990211187,0,1,0,0,0,1,0,0,0,0,0,0,0,0,0,14.962913328262083
37.4,6,10,2.684402164810528,0,0,0,0,0,0,0,0,0,0,0,0,0,1,0,16.383887726072103
45.0,5,5,6.108818116955712,0,0,0,0,0,0,1,0,0,0,0,0,0,0,0,15.76142084987672
67.6,5,22,3.244457380340899,0,0,0,0,0,0,0,0,0,0,0,0,0,1,0,16.60494134061829
24.5,6,18,13.086067788918587,0,0,1,0,0,0,0,1,0,0,0,0,0,0,0,15.691148599291397
85.9,6,10,7.497982514381213,0,0,1,0,1,0,1,0,0,0,0,0,0,0,0,16.728404607527565
34.6,7,8,19.87947559251168,0,0,0,0,0,0,0,1,0,0,0,0,0,0,0,15.968434992547925
16.0,7,9,7.1791970979995625,0,1,0,0,0,0,0,0,0,0,0,1,0,0,0,15.11023799953124
52.8,15,19,12.86033109261013,0,0,0,0,0,0,0,1,0,0,0,0,0,0,0,16.090724556937104
14.0,6,9,5.900915961486425,0,0,0,0,0,0,0,0,0,0,0,0,0,0,1,14.984892228079548
43.3,9,24,5.856430937686289,0,0,1,1,0,0,1,0,0,0,0,0,0,0,0,16.19650684381969
70.0,1,4,15.63998635804528,0,0,1,0,0,0,0,1,0,0,0,0,0,0,0,16.13327003542325
24.5,6,18,13.086067788918587,0,0,1,0,0,0,0,1,0,0,0,0,0,0,0,15.691148599291397
79.9,3,14,5.6429341301360205,0,0,0,0,0,0,1,0,0,0,0,0,0,0,0,16.679994601920853
65.0,5,5,5.700975525064757,0,0,0,0,0,0,0,0,0,0,0,0,1,0,0,15.955576839107596
42.1,2,17,5.957155492665508,0,0,1,0,1,0,1,0,0,0,0,0,0,0,0,16.237941712667855
33.0,3,3,20.36609409465831,0,1,0,0,0,0,0,1,0,0,0,0,0,0,0,15.501724494419891
62.4,6,9,20.013182377666222,0,0,1,0,1,0,0,1,0,0,0,0,0,0,0,16.10298211467111
63.9,6,25,6.093762621804344,0,0,0,0,0,0,1,0,0,0,0,0,0,0,0,16.536309217710816
105.8,1,1,16.564113543942206,0,1,0,0,0,0,0,1,0,0,0,0,0,0,0,16.066802461833923
80.6,15,25,5.09165865691544,0,0,0,0,0,1,0,0,0,0,0,0,0,0,0,16.790315422892665
74.3,6,7,19.87947559251168,0,0,0,0,0,0,0,1,0,0,0,0,0,0,0,16.303745080901425
19.0,1,9,6.950420208698083,0,0,0,0,0,0,1,0,0,0,0,0,0,0,0,15.068273812173887
55.2,9,13,3.90833064642225,0,0,0,0,0,0,0,0,1,0,0,0,0,0,0,16.248246423219673
35.0,3,3,20.46258983267724,0,1,0,0,0,0,0,1,0,0,0,0,0,0,0,15.511126350125648
66.5,10,11,7.798910856212148,0,0,0,0,0,0,0,0,0,0,0,1,0,0,0,16.379690465629075
32.8,2,9,10.142612969228184,0,1,0,0,0,0,0,0,0,0,0,0,0,0,0,15.414898336565054
75.7,6,7,14.783048173894638,0,0,0,0,0,0,0,0,0,0,0,0,0,0,0,16.257857680289998
55.1,8,11,7.761243514016058,0,0,0,0,0,0,0,0,0,0,0,0,0,0,0,16.475480263023048
28.0,1,5,7.248940170749837,0,1,0,0,0,0,0,0,0,0,0,1,0,0,0,15.631962802384313
86.3,7,25,6.221046778159821,0,0,0,0,0,0,1,0,0,0,0,0,0,0,0,16.86187044939236
42.5,13,15,4.768856925963652,0,1,0,0,0,1,0,0,0,0,0,0,0,0,0,16.171636512673075
60.8,4,9,14.757246284002548,0,0,1,0,0,0,0,0,0,0,0,0,0,0,0,15.968434992547925
25.3,8,9,5.19855317663078,0,0,0,0,0,0,0,0,0,0,0,0,1,0,0,15.424948470398375
66.7,7,9,8.29544799120405,0,0,0,0,0,0,0,1,0,0,0,0,0,0,0,16.36495580701484
105.9,1,7,24.0619834545899,0,0,1,0,0,0,0,0,0,0,0,0,0,0,1,16.94651470862056
75.8,5,18,5.999879751339932,0,0,0,0,0,0,1,0,0,0,0,0,0,0,0,16.624104552922756
28.0,3,9,6.329570630635805,0,1,0,0,0,1,0,0,0,0,0,0,0,0,0,15.882373444019521
47.2,13,27,5.474646783799237,1,0,1,0,0,0,1,0,0,0,0,0,0,0,0,16.380459992348886
58.8,2,9,2.178580090594056,0,0,0,0,0,0,0,0,0,0,0,0,0,1,0,16.21249641737161
129.8,3,5,1.9731371163968925,0,0,1,0,1,0,0,0,0,0,0,0,0,1,0,18.324753384732002
20.0,1,9,5.079935828614964,0,0,0,0,0,0,0,0,0,0,0,0,0,0,1,15.214227685996272
47.8,4,16,7.101628665039468,0,1,0,0,0,0,1,0,0,0,0,0,0,0,0,15.955576839107596
48.0,1,5,5.698983283006046,0,1,0,0,0,0,0,0,0,0,0,0,0,1,0,15.973069994514992
38.9,14,18,5.974955438329737,0,0,0,0,0,0,1,0,0,0,0,0,0,0,0,16.162780351614362
31.8,5,5,3.448965497701264,0,1,0,0,0,1,0,0,0,0,0,0,0,0,0,15.631962802384313
58.4,2,4,19.16676132571619,0,0,0,0,0,0,0,0,0,1,0,0,0,0,0,15.65590160735941
37.3,7,22,8.210833713963046,0,0,0,0,0,0,0,1,0,0,0,0,0,0,0,16.179284913335266
30.1,4,5,5.572306613794709,0,0,0,0,0,0,0,0,0,0,0,0,0,0,1,15.53827733427679
50.2,5,5,3.7067392952115967,0,0,0,0,0,0,0,0,0,0,0,0,0,0,1,15.830413711839864
74.7,12,14,5.6429341301360205,0,0,0,0,0,0,1,0,0,0,0,0,0,0,0,16.636294088612985
31.7,8,20,6.104600615518209,0,0,1,0,0,0,0,0,0,0,0,0,1,0,0,16.03580040823149
34.7,9,19,6.330334180704093,0,1,0,0,0,0,1,0,0,0,0,0,0,0,0,15.990262393084793
34.9,6,9,7.497982514381213,0,0,0,0,0,0,1,0,0,0,0,0,0,0,0,16.28530365454459
45.0,6,24,3.0135539205524164,0,1,0,0,0,0,0,0,1,0,0,0,0,0,0,16.587474147349223
16.0,5,9,2.537202461728521,0,0,0,0,0,0,0,0,0,0,1,0,0,0,0,15.050982320047213
45.5,8,9,5.059419446977588,0,1,0,0,0,1,0,0,0,0,0,0,0,0,0,15.973069994514992
38.0,7,10,5.536753917289179,0,0,0,0,0,0,0,0,0,0,0,0,0,1,0,16.066802461833923
74.0,4,5,9.690538523532142,0,1,0,0,0,0,0,0,0,0,0,0,0,0,1,16.368854447126512
53.1,18,19,12.86033109261013,0,0,0,0,0,0,0,1,0,0,0,0,0,0,0,16.063639570758877
69.2,8,10,2.490040331033104,0,1,0,0,0,0,0,0,1,0,0,0,0,0,0,16.94664751219259
74.0,5,25,8.833398249776666,0,0,0,0,0,0,0,1,0,0,0,0,0,0,0,16.447327525014515
82.9,2,6,8.530701394784979,0,0,0,0,0,0,0,1,0,0,0,0,0,0,0,16.610716631171748
59.1,10,13,8.178323314863306,0,0,0,0,0,1,0,0,0,0,0,0,0,0,0,16.227290894639257
35.0,7,8,14.738298160449242,0,0,0,0,0,0,0,0,0,0,0,0,0,0,0,15.803111033002363
12.6,8,9,5.671633260416502,0,0,0,0,0,0,1,0,0,0,0,0,0,0,0,15.123843647884687
62.0,14,17,7.153948184717557,0,1,0,0,0,0,1,0,0,0,0,0,0,0,0,16.41820031748273
35.6,2,3,3.4483934218095222,0,1,0,0,0,0,0,0,0,0,0,0,0,1,0,15.49260730578806
33.2,5,10,8.589391660004502,0,1,0,0,0,0,1,0,0,0,0,0,0,0,0,15.894828091955475
99.2,2,15,2.956357565732669,0,0,0,0,0,0,0,0,0,0,1,0,0,0,0,17.18426218982575
67.8,3,9,4.001890749546281,0,0,1,0,0,0,0,0,0,0,0,0,0,1,0,17.16457222032319
82.9,3,10,6.348495833158853,0,0,1,0,1,1,0,0,0,0,0,0,0,0,0,16.67198082165602
52.0,1,4,4.1006099985081805,0,0,0,0,0,0,0,0,0,1,0,0,0,0,0,15.670244982848228
97.0,4,4,15.013714774489117,1,0,1,1,0,0,0,1,0,0,0,0,0,0,0,16.59445410794615
42.6,2,18,13.086067788918587,0,0,1,0,0,0,0,1,0,0,0,0,0,0,0,15.972111153581817
67.7,2,24,5.10251868886728,0,0,0,0,0,0,1,0,0,0,0,0,0,0,0,16.440179222591198
54.0,11,25,8.833398249776666,0,0,0,0,0,0,0,1,0,0,0,0,0,0,0,16.108045416114916
67.0,3,20,2.853745377206112,0,0,0,0,0,0,0,0,1,0,0,0,0,0,0,17.103912482794517
74.6,3,9,3.999829118235672,0,1,0,0,0,0,0,0,1,0,0,0,0,0,0,16.48952133581799
50.9,9,25,12.900455169238413,0,0,0,0,0,0,0,1,0,0,0,0,0,0,0,16.093905514605616
50.8,5,10,8.42659053747315,0,1,0,0,0,0,1,0,0,0,0,0,0,0,0,16.166885910365842
53.9,2,11,11.372993079330367,0,0,0,0,0,0,0,0,0,0,0,0,0,0,0,15.9159795892352
53.1,9,19,12.86033109261013,0,0,0,0,0,0,0,1,0,0,0,0,0,0,0,16.065749275960183
38.3,5,18,13.086067788918587,0,0,1,0,0,0,0,1,0,0,0,0,0,0,0,15.89952923356639
61.7,2,9,5.103305271082398,0,1,0,0,0,0,0,0,1,0,0,0,0,0,0,16.523560159066303
50.0,2,5,5.6168006582601455,0,0,0,0,0,0,0,0,0,0,0,0,0,0,1,15.86963441986494
25.8,2,10,14.738298160449242,0,0,1,0,0,0,0,0,0,0,0,0,0,0,0,15.569914413658926
83.6,5,14,14.42773432940933,0,0,1,0,1,0,0,0,0,0,0,0,1,0,0,16.428883785411493
74.0,10,25,8.833398249776666,0,0,0,0,0,0,0,1,0,0,0,0,0,0,0,16.447327525014515
99.9,2,25,5.060671754914666,0,0,0,0,0,1,0,0,0,0,0,0,0,0,0,16.815229922496766
15.0,3,5,4.958628260906187,0,0,0,0,0,0,0,0,0,0,0,0,0,0,1,14.897316067298997
84.0,11,20,5.262854659137273,0,1,0,0,0,0,0,0,0,0,0,0,0,0,1,16.636829978319703
60.7,4,26,6.341970225569868,0,0,1,0,0,0,1,0,0,0,0,0,0,0,0,16.530205368010318
80.6,5,20,2.9041799626762765,0,0,0,0,0,0,0,0,1,0,0,0,0,0,0,16.932043575974497
94.1,1,5,13.061676068117537,0,0,0,0,0,0,0,1,0,0,0,0,0,0,0,16.508108722212366
40.1,8,8,2.709000285763484,0,1,0,0,0,0,0,0,0,0,0,0,0,1,0,16.468752592994022
48.4,11,17,13.125020045464847,0,0,1,0,0,0,0,1,0,0,0,0,0,0,0,16.038798298771688
29.0,1,5,2.6186270159318683,0,0,0,0,0,0,0,0,0,0,0,0,0,1,0,15.617220523061984
51.6,2,16,3.065986221735276,0,1,0,0,0,0,0,0,1,0,0,0,0,0,0,16.465225252724895
53.2,5,9,14.757246284002548,0,0,1,0,0,0,0,0,0,0,0,0,0,0,0,15.88363846616608
85.9,12,18,4.526148978754407,0,1,0,0,0,0,0,0,1,0,0,0,0,0,0,16.780783675579947
46.5,3,22,3.662831186047547,0,1,0,0,0,0,0,0,1,0,0,0,0,0,0,16.85955673943855
80.0,10,11,6.612787792256718,0,1,0,0,0,1,0,0,0,0,0,0,0,0,0,16.185754392890075
84.5,20,25,5.209385966325656,0,0,0,0,0,1,0,0,0,0,0,0,0,0,0,16.782586173722024
60.8,5,18,8.178323314863306,0,0,0,0,0,1,0,0,0,0,0,0,0,0,0,16.23548758792336
58.4,4,5,4.81531567837314,0,1,0,0,0,1,0,0,0,0,0,0,0,0,0,15.856601138147177
51.7,14,25,3.899941213666867,0,0,1,0,0,1,0,0,0,0,0,0,0,0,0,16.377287581197965
76.8,10,24,5.856430937686289,0,0,1,1,0,0,1,0,0,0,0,0,0,0,0,16.829457630254165
83.6,1,14,14.42773432940933,0,0,1,0,1,0,0,0,0,0,0,0,1,0,0,16.42071566966229
17.4,5,5,7.288135530646762,0,0,0,0,0,0,0,0,1,0,0,0,0,0,0,14.731801689838349
78.5,3,14,3.732491671359808,0,0,1,0,0,1,0,0,0,0,0,0,0,0,0,16.907152240839626
91.0,7,14,3.5503260299354045,0,0,0,0,0,0,0,0,1,0,0,0,0,0,0,16.972506766339556
36.0,7,7,14.86752743513076,0,1,0,0,0,0,0,0,0,0,0,0,0,0,0,15.632775480070215
50.0,7,10,5.847133164850992,0,1,0,0,0,0,0,0,0,0,0,0,1,0,0,16.034714150714915
59.5,2,18,6.059269084560594,0,0,0,0,0,0,1,0,0,0,0,0,0,0,0,16.42344874220698
60.1,14,25,6.093762621804344,0,0,0,0,0,0,1,0,0,0,0,0,0,0,0,16.560752556386976
55.3,1,5,4.764062416093191,0,1,0,0,0,0,0,0,0,0,0,0,0,1,0,15.747032114495013
30.6,1,22,6.182144885408042,0,0,1,0,0,1,0,0,0,0,0,0,0,0,0,15.948492985055545
38.7,5,24,6.659001800528684,0,1,0,0,0,0,1,0,0,0,0,0,0,0,0,16.034714150714915
40.0,1,5,4.060381016761434,0,0,0,0,0,1,0,0,0,0,0,0,0,0,0,15.656060350091908
42.0,10,18,6.059269084560594,0,0,0,0,0,0,1,0,0,0,0,0,0,0,0,16.15131289855136
39.8,6,25,6.127135399617329,0,0,0,0,0,0,0,0,0,0,0,0,1,0,0,16.14765455028724
47.0,5,19,13.368913906149862,0,0,0,0,0,0,0,1,0,0,0,0,0,0,0,15.656060350091908
37.9,6,9,6.695326979335662,0,0,0,0,0,1,0,0,0,0,0,0,0,0,0,16.043422211265653
66.0,3,10,3.383190954608237,0,1,0,0,0,0,0,0,1,0,0,0,0,0,0,16.440179222591198
45.1,10,19,6.738628311559655,0,1,0,0,0,0,1,0,0,0,0,0,0,0,0,16.370409657272383
10.0,2,5,5.049340138173353,0,0,0,0,0,0,0,0,0,0,0,0,0,0,1,14.646243837206535
72.8,24,25,8.740225461066306,0,1,0,0,0,0,0,1,0,0,0,0,0,0,0,16.54205540714767
45.7,20,25,11.48893215641219,0,1,0,0,0,0,0,0,0,0,0,0,0,0,0,15.882373444019521
62.6,23,25,12.900455169238413,0,0,0,0,0,0,0,1,0,0,0,0,0,0,0,16.2543733565109
37.8,4,4,15.013714774489117,1,0,1,1,0,0,0,1,0,0,0,0,0,0,0,16.037232715323114
65.8,2,3,16.94973922546708,0,1,0,0,0,0,0,1,0,0,0,0,0,0,0,15.59046307836746
60.1,4,10,13.08511605126682,0,0,0,0,0,0,0,1,0,0,0,0,0,0,0,16.02378508137718
73.4,1,10,6.348495833158853,0,0,1,0,0,1,0,0,0,0,0,0,0,0,0,16.60667572712668
66.5,4,14,14.42773432940933,0,0,1,0,1,0,0,0,0,0,0,0,1,0,0,16.21603881595833
19.5,3,5,6.022975893053392,0,0,0,0,0,0,0,0,0,0,0,0,0,1,0,15.317363482435562
40.2,14,24,5.102632585594956,0,0,0,0,0,0,1,0,0,0,0,0,0,0,0,16.13789837629371
24.0,2,19,3.880061315286283,0,0,0,0,0,0,0,0,1,0,0,0,0,0,0,15.72505321099685
38.3,6,6,0.8203276170097008,0,1,0,0,0,0,0,0,0,1,0,0,0,0,0,15.80324804743883
69.3,5,18,13.086067788918587,0,0,0,0,0,0,0,1,0,0,0,0,0,0,0,16.448690722256263
94.0,16,20,6.222253603675545,0,0,1,0,1,1,0,0,0,0,0,0,0,0,0,16.630919337267223
49.5,4,9,2.687247155201082,0,1,0,0,0,0,0,0,0,0,0,0,0,1,0,16.648665135587894
50.0,3,16,4.351043125700456,0,1,0,0,0,0,0,0,0,0,0,0,0,0,1,16.10298211467111
53.0,4,9,8.424931427004196,0,1,0,0,0,0,0,1,0,0,0,0,0,0,0,16.190416405561198
73.2,10,18,4.794220254394709,0,0,1,0,1,0,0,0,1,0,0,0,0,0,0,16.8261314932731
76.3,1,9,6.348495833158853,0,0,0,0,0,1,0,0,0,0,0,0,0,0,0,16.74349923293629
54.3,1,4,13.783001203698372,0,0,0,0,0,0,0,0,0,0,0,0,0,0,1,15.732433317205148
41.0,3,5,11.46372021893423,0,0,0,0,0,0,0,0,0,0,0,0,0,0,0,15.511126350125648
19.0,5,5,4.983816192778577,0,1,0,0,0,0,0,0,0,0,0,0,0,0,1,15.173919972664004
16.6,5,5,10.5476020161251,0,1,0,0,0,0,0,0,0,0,0,0,0,0,0,14.930652476452392
67.9,2,9,5.1815661497882255,0,0,0,0,0,0,0,0,1,0,0,0,0,0,0,16.15731646026544
33.0,9,9,4.575539568778844,0,0,0,0,0,0,0,0,1,0,0,0,0,0,0,15.83028036963463
42.6,2,3,16.507026072605345,0,0,0,0,0,0,0,1,0,0,0,0,0,0,0,15.454507466814658
35.0,6,10,8.676925503455834,0,1,0,0,0,0,1,0,0,0,0,0,0,0,0,15.919644834185693
80.0,21,24,7.657832862326455,0,0,0,0,0,0,0,0,0,0,0,1,0,0,0,16.609738516469616
60.3,12,20,2.9041799626762765,0,0,0,0,0,0,0,0,1,0,0,0,0,0,0,16.60550940313494
63.4,8,9,3.221947032884357,0,1,0,0,0,0,0,0,1,0,0,0,0,0,0,16.195056784687036
60.1,2,25,3.885114415829032,0,0,1,0,0,1,0,0,0,0,0,0,0,0,0,16.507808203147732
55.0,7,9,2.166811662811208,0,1,0,0,0,0,0,0,0,0,0,0,0,1,0,16.732740657446595
99.3,2,20,6.222253603675545,0,0,1,0,1,1,0,0,0,0,0,0,0,0,0,16.658674291114774
27.9,2,17,6.873289251665411,0,1,0,0,0,0,1,0,0,0,0,0,0,0,0,15.739759356223798
46.1,3,5,4.985098693611998,0,0,0,0,0,0,0,0,0,0,0,0,0,1,0,16.04552506565036
34.2,6,10,3.5421090478614787,0,1,0,0,0,0,0,0,0,0,0,0,0,1,0,16.04013421759671
13.0,5,5,10.443070957898074,0,0,0,0,0,0,0,0,0,0,0,0,0,0,0,14.580978865220017
81.2,2,8,14.738298160449242,0,0,0,0,0,0,0,0,0,0,0,0,0,0,0,16.220381534776216
77.0,5,10,6.272487468989085,0,0,0,0,0,0,0,0,0,0,0,0,1,0,0,16.434365253148307
27.5,6,10,2.71725377231751,0,0,1,0,0,0,0,0,0,0,0,0,0,1,0,16.447399470043365
66.1,4,9,5.580446621897868,0,0,0,0,0,0,0,0,1,0,0,0,0,0,0,16.166885910365842
30.1,2,19,4.529145293106693,0,0,0,0,0,1,0,0,0,0,0,0,0,0,0,15.961441957872001
81.2,2,10,14.738298160449242,0,0,1,0,0,0,0,0,0,0,0,0,0,0,0,16.15153052375635
21.0,2,4,4.634887635851252,0,0,0,0,0,0,0,0,0,0,0,0,0,0,1,15.271797524004405
107.0,13,18,4.794220254394709,0,0,1,0,1,0,0,0,1,0,0,0,0,0,0,17.123861425836523
103.0,5,6,2.993827909171814,0,0,0,0,0,0,0,0,1,0,0,0,0,0,0,17.04235459216419
65.5,7,9,6.81098646959812,0,1,0,0,0,0,1,0,0,0,0,0,0,0,0,16.20885010555098
67.2,5,19,3.732491671359808,0,0,1,0,0,1,0,0,0,0,0,0,0,0,0,16.734651809916464
43.5,15,17,4.586478186602816,0,1,0,0,0,1,0,0,0,0,0,0,0,0,0,16.08763654656639
63.4,3,9,3.6750166190665072,0,0,0,0,0,0,0,0,1,0,0,0,0,0,0,16.454567959008102
37.3,4,26,5.975895980960924,0,1,0,0,0,0,1,0,0,0,0,0,0,0,0,16.066802461833923
51.0,12,26,5.468375480066169,0,0,0,0,0,0,1,0,0,0,0,0,0,0,0,16.08763654656639
112.0,1,6,4.68925410913494,0,0,0,0,0,0,0,0,0,0,0,0,0,0,1,16.540024550675216
38.3,6,6,0.8203276170097008,0,1,0,0,0,0,0,0,0,1,0,0,0,0,0,15.80324804743883
30.3,4,19,13.59953629152477,0,1,0,0,0,0,0,1,0,0,0,0,0,0,0,15.473738825043979
54.0,12,19,4.074288920597636,0,0,0,0,0,0,0,0,0,0,0,0,0,1,0,16.249124001084017
47.7,12,19,5.166629838684328,0,0,0,0,0,1,0,0,0,0,0,0,0,0,0,15.687312888712007
28.3,6,25,6.32621916013964,0,0,0,0,0,0,1,0,0,0,0,0,0,0,0,16.124648831887733
61.6,15,16,5.150286304620739,0,0,0,0,0,0,0,0,1,0,0,0,0,0,0,16.750094716453148
57.7,11,24,5.856430937686289,0,0,1,0,0,0,1,0,0,0,0,0,0,0,0,16.476267943311182
71.5,4,4,14.002036023143772,0,1,0,0,0,0,0,0,0,0,0,0,0,0,1,15.72505321099685
53.1,8,22,5.957155492665508,0,0,1,0,1,0,1,0,0,0,0,0,0,0,0,16.377288815877044
83.2,2,18,4.794220254394709,0,0,1,0,1,0,0,0,1,0,0,0,0,0,0,16.913348099602146
84.7,14,23,2.2162301214597946,0,0,0,0,0,0,0,0,0,0,0,0,0,1,0,16.853037201128593
19.0,5,5,4.983816192778577,0,1,0,0,0,0,0,0,0,0,0,0,0,0,1,15.173919972664004
50.5,9,10,5.278849611540763,0,1,0,0,0,0,0,0,0,0,0,0,1,0,0,15.984564372619506
39.2,2,5,9.643642171688189,0,0,0,0,0,0,0,0,0,0,0,0,0,0,0,15.38412668421143
37.2,14,22,5.127543273023829,0,0,0,0,0,0,1,0,0,0,0,0,0,0,0,16.04552506565036
67.8,16,24,5.856430937686289,0,0,1,1,0,0,1,0,0,0,0,0,0,0,0,16.503772319669654
99.0,7,22,4.876661665659721,0,1,0,0,0,1,0,0,0,0,0,0,0,0,0,16.84805685283375
39.4,5,9,13.085032500664896,0,1,0,0,0,0,0,1,0,0,0,0,0,0,0,15.732433317205148
21.2,1,5,10.709941367865667,0,1,0,0,0,0,0,0,0,0,0,0,0,0,0,15.150511887854474
44.5,14,24,5.856430937686289,0,0,1,1,0,0,1,0,0,0,0,0,0,0,0,16.27472420118467
38.3,6,6,0.8203276170097008,0,1,0,0,0,0,0,0,0,1,0,0,0,0,0,15.80324804743883
45.9,2,12,7.42867507181366,0,0,0,0,0,0,0,0,0,0,0,0,0,0,0,15.990262393084793
30.0,5,5,4.575617206381264,0,1,0,0,0,0,0,0,0,0,0,0,0,0,1,15.581781435394545
30.4,3,20,2.9041799626762765,0,0,0,0,0,0,0,0,1,0,0,0,0,0,0,16.02598047169963
52.8,9,25,3.885114415829032,0,0,1,0,0,1,0,0,0,0,0,0,0,0,0,16.419080374498154
44.5,4,4,15.63998635804528,0,0,1,1,0,0,0,1,0,0,0,0,0,0,0,16.006998825198874
54.3,5,9,6.315010657759913,0,0,0,0,0,0,1,0,0,0,0,0,0,0,0,16.583788125516865
36.7,4,10,3.7002761695307713,0,1,0,0,0,0,0,0,1,0,0,0,0,0,0,15.76142084987672
62.6,18,25,2.441486522593032,0,1,0,0,0,0,0,0,1,0,0,0,0,0,0,17.370858648025116
64.3,19,25,3.885114415829032,0,0,1,0,0,1,0,0,0,0,0,0,0,0,0,16.565178149175782
48.0,6,9,8.327109685986596,0,1,0,0,0,0,0,1,0,0,0,0,0,0,0,15.978833698567334
38.9,10,14,8.498189540418622,0,0,0,0,0,0,0,1,0,0,0,0,0,0,0,16.098086904421027
59.8,2,10,6.693919747422926,0,1,0,0,0,0,1,0,0,0,0,0,0,0,0,15.967272877502799
28.0,6,22,6.182144885408042,0,0,0,0,0,1,0,0,0,0,0,0,0,0,0,15.90613941264406
35.2,3,9,9.390908156928484,0,1,0,0,0,0,0,0,0,0,0,0,0,0,0,15.463977049710516
30.7,2,3,20.40123626849605,0,1,0,0,0,0,0,1,0,0,0,0,0,0,0,15.444751293772967
109.6,4,8,2.026085302193434,0,0,0,0,0,0,0,0,0,0,0,0,0,1,0,17.453096744006448
16.6,5,9,5.9008729252545,0,1,0,0,0,0,0,0,0,0,0,0,0,0,1,14.99416586199818
52.9,8,18,7.959980532279914,0,1,0,0,0,0,1,0,0,0,0,0,0,0,0,16.142788361109663
49.4,6,25,2.8256869013794623,0,0,0,0,0,0,0,0,1,0,0,0,0,0,0,17.237425213865013
90.0,5,15,3.904560200465334,0,0,0,0,0,0,0,0,1,0,0,0,0,0,0,16.58684856088062
94.9,3,22,6.182144885408042,0,0,1,0,0,1,0,0,0,0,0,0,0,0,0,16.78950839047088
51.9,2,4,15.63998635804528,0,0,1,1,0,0,0,1,0,0,0,0,0,0,0,15.963790075802066
59.8,2,3,0.6530382917118932,0,1,0,0,0,0,0,0,0,0,1,0,0,0,0,16.677711496036597
65.4,6,10,8.08567422171904,0,0,0,0,0,0,0,0,0,0,0,0,0,0,0,16.213405921671733
153.0,5,7,2.999203665364492,0,1,0,0,0,0,0,0,1,0,0,0,0,0,0,17.68669075615558
13.0,5,5,10.443070957898074,0,0,0,0,0,0,0,0,0,0,0,0,0,0,0,14.580978865220017
36.3,12,19,5.150286304620739,0,0,0,0,0,0,0,0,1,0,0,0,0,0,0,16.51046532020881
54.1,9,21,3.7990357658649145,0,0,0,0,0,0,0,0,1,0,0,0,0,0,0,16.558810843285514
31.1,2,5,5.479874078014604,0,1,0,0,0,0,0,0,0,0,0,0,0,1,0,15.64006001130563
40.2,12,20,2.820056673945602,0,0,1,0,1,0,0,0,0,0,1,0,0,0,0,16.513911285617855
62.4,2,9,7.207026432539147,0,1,0,0,0,0,1,0,0,0,0,0,0,0,0,16.034714150714915
82.0,2,17,6.340656735804854,0,0,0,0,0,0,1,0,0,0,0,0,0,0,0,16.701004382508874
35.4,10,10,8.996065855781758,0,1,0,0,0,0,0,1,0,0,0,0,0,0,0,15.882373444019521
36.9,3,9,5.482967773096429,0,0,0,0,0,0,0,0,1,0,0,0,0,0,0,15.72505321099685
24.0,2,19,3.880061315286283,0,0,0,0,0,0,0,0,1,0,0,0,0,0,0,15.72505321099685
40.2,12,20,2.820056673945602,0,0,1,0,1,0,0,0,0,0,1,0,0,0,0,16.513911285617855
18.0,7,9,7.285444334531306,0,0,0,0,0,0,0,0,0,0,0,1,0,0,0,15.19679262851687
59.8,3,16,5.150286304620739,0,0,0,0,0,0,0,0,1,0,0,0,0,0,0,16.726453710759895
